/*
SQLyog 企业版 - MySQL GUI v8.14 
MySQL - 5.5.53 : Database - phoenix
*********************************************************************
*/

/*!40101 SET NAMES utf8 */;

/*!40101 SET SQL_MODE=''*/;

/*!40014 SET @OLD_UNIQUE_CHECKS=@@UNIQUE_CHECKS, UNIQUE_CHECKS=0 */;
/*!40014 SET @OLD_FOREIGN_KEY_CHECKS=@@FOREIGN_KEY_CHECKS, FOREIGN_KEY_CHECKS=0 */;
/*!40101 SET @OLD_SQL_MODE=@@SQL_MODE, SQL_MODE='NO_AUTO_VALUE_ON_ZERO' */;
/*!40111 SET @OLD_SQL_NOTES=@@SQL_NOTES, SQL_NOTES=0 */;
CREATE DATABASE /*!32312 IF NOT EXISTS*/`phoenix` /*!40100 DEFAULT CHARACTER SET utf8 */;

USE `phoenix`;

/*Table structure for table `bet` */

DROP TABLE IF EXISTS `bet`;

CREATE TABLE `bet` (
  `bet_id` int(11) NOT NULL AUTO_INCREMENT,
  `issue_id` int(11) DEFAULT NULL,
  `user_id` int(11) DEFAULT NULL,
  `bet_num` int(11) NOT NULL,
  `bet_time` datetime NOT NULL,
  `is_winning` int(11) NOT NULL,
  PRIMARY KEY (`bet_id`)
) ENGINE=InnoDB AUTO_INCREMENT=19 DEFAULT CHARSET=utf8;

/*Data for the table `bet` */

insert  into `bet`(`bet_id`,`issue_id`,`user_id`,`bet_num`,`bet_time`,`is_winning`) values (1,1,78,500,'2020-06-15 08:20:16',2),(2,2,78,500,'2020-06-15 08:20:22',1),(3,3,78,500,'2020-06-15 08:20:28',1),(4,4,78,100,'2020-06-15 08:20:39',1),(5,1,79,500,'2020-06-15 08:21:20',1),(6,2,79,500,'2020-06-15 08:21:29',2),(7,3,79,500,'2020-06-15 08:21:38',1),(8,1,80,500,'2020-06-15 08:22:15',1),(9,2,80,500,'2020-06-15 08:22:23',1),(10,2,80,500,'2020-06-15 08:23:58',1),(11,2,80,500,'2020-06-15 08:24:01',1),(12,3,80,500,'2020-06-15 09:52:23',2),(13,3,80,500,'2020-06-15 09:52:26',2),(14,3,80,500,'2020-06-15 09:52:28',2),(15,3,80,500,'2020-06-15 09:52:31',2),(16,2,80,500,'2020-06-15 10:01:31',1),(17,4,80,500,'2020-06-15 10:04:33',2),(18,1,96,500,'2020-07-06 16:31:15',0);

/*Table structure for table `dhc_record` */

DROP TABLE IF EXISTS `dhc_record`;

CREATE TABLE `dhc_record` (
  `dhc_record_id` int(11) NOT NULL AUTO_INCREMENT,
  `source_type_id` int(11) NOT NULL,
  `user_id` int(11) NOT NULL,
  `dhc_num` decimal(10,2) NOT NULL,
  `create_time` datetime NOT NULL,
  PRIMARY KEY (`dhc_record_id`)
) ENGINE=InnoDB DEFAULT CHARSET=utf8;

/*Data for the table `dhc_record` */

/*Table structure for table `dividend` */

DROP TABLE IF EXISTS `dividend`;

CREATE TABLE `dividend` (
  `dividend_id` int(11) NOT NULL AUTO_INCREMENT,
  `user_id` int(11) DEFAULT NULL,
  `source_type_id` int(11) DEFAULT NULL,
  `dividend_num` int(11) NOT NULL,
  `create_time` datetime NOT NULL,
  `audit_state` int(11) NOT NULL,
  PRIMARY KEY (`dividend_id`)
) ENGINE=InnoDB AUTO_INCREMENT=2 DEFAULT CHARSET=utf8;

/*Data for the table `dividend` */

insert  into `dividend`(`dividend_id`,`user_id`,`source_type_id`,`dividend_num`,`create_time`,`audit_state`) values (1,8,7,1,'2020-05-25 15:13:59',0);

/*Table structure for table `dividend_income` */

DROP TABLE IF EXISTS `dividend_income`;

CREATE TABLE `dividend_income` (
  `dividend_income_id` int(11) NOT NULL AUTO_INCREMENT,
  `avg_income_yesday` decimal(10,0) NOT NULL,
  `ad_income_yesday` decimal(10,0) NOT NULL,
  `ad_income_all` decimal(10,0) NOT NULL,
  PRIMARY KEY (`dividend_income_id`)
) ENGINE=InnoDB DEFAULT CHARSET=utf8;

/*Data for the table `dividend_income` */

/*Table structure for table `income_detail` */

DROP TABLE IF EXISTS `income_detail`;

CREATE TABLE `income_detail` (
  `income_detail_id` int(11) NOT NULL AUTO_INCREMENT,
  `user_id` int(11) DEFAULT NULL,
  `income_record_id` int(11) DEFAULT NULL,
  PRIMARY KEY (`income_detail_id`)
) ENGINE=InnoDB AUTO_INCREMENT=4 DEFAULT CHARSET=utf8;

/*Data for the table `income_detail` */

insert  into `income_detail`(`income_detail_id`,`user_id`,`income_record_id`) values (1,96,1),(2,96,2),(3,96,3);

/*Table structure for table `income_record` */

DROP TABLE IF EXISTS `income_record`;

CREATE TABLE `income_record` (
  `income_record_id` int(11) NOT NULL AUTO_INCREMENT,
  `income_tudi` decimal(10,2) DEFAULT NULL,
  `income_tusun` decimal(10,2) DEFAULT NULL,
  `income_day` date DEFAULT NULL,
  PRIMARY KEY (`income_record_id`)
) ENGINE=InnoDB AUTO_INCREMENT=4 DEFAULT CHARSET=utf8;

/*Data for the table `income_record` */

insert  into `income_record`(`income_record_id`,`income_tudi`,`income_tusun`,`income_day`) values (1,'1000.00','20.00','2020-07-06'),(2,'19.00','3.64','2020-07-05'),(3,'1.00','1.00','2020-07-04');

/*Table structure for table `income_stage` */

DROP TABLE IF EXISTS `income_stage`;

CREATE TABLE `income_stage` (
  `income_stage_id` int(11) NOT NULL AUTO_INCREMENT,
  `income_stage_name` varchar(5) NOT NULL,
  `income_stage_num` decimal(2,1) NOT NULL,
  `income_stage_money` decimal(10,2) NOT NULL,
  PRIMARY KEY (`income_stage_id`)
) ENGINE=InnoDB AUTO_INCREMENT=11 DEFAULT CHARSET=utf8;

/*Data for the table `income_stage` */

insert  into `income_stage`(`income_stage_id`,`income_stage_name`,`income_stage_num`,`income_stage_money`) values (1,'第一阶段','1.0','50.00'),(2,'第二阶段','1.1','100.00'),(3,'第三阶段','1.2','200.00'),(4,'第四阶段','1.3','500.00'),(5,'第五阶段','1.4','1000.00'),(6,'第六阶段','1.5','2000.00'),(7,'第七阶段','1.6','5000.00'),(8,'第八阶段','1.7','10000.00'),(9,'第九阶段','1.8','20000.00'),(10,'第十阶段','1.9','50000.00');

/*Table structure for table `issue` */

DROP TABLE IF EXISTS `issue`;

CREATE TABLE `issue` (
  `issue_id` int(11) NOT NULL AUTO_INCREMENT,
  `issue_state_id` int(11) DEFAULT NULL,
  `issue_name` varchar(15) NOT NULL,
  `prize_name` varchar(10) NOT NULL,
  `prize_money` decimal(10,2) NOT NULL,
  `prize_img` varchar(30) NOT NULL,
  `yet_bet_num` int(11) NOT NULL,
  `all_bet_num` int(11) NOT NULL,
  `block_number` bigint(20) DEFAULT NULL,
  `luck_number` int(11) DEFAULT NULL,
  `abort_time` datetime NOT NULL,
  `lottery_time` datetime DEFAULT NULL,
  PRIMARY KEY (`issue_id`)
) ENGINE=InnoDB AUTO_INCREMENT=9 DEFAULT CHARSET=utf8;

/*Data for the table `issue` */

insert  into `issue`(`issue_id`,`issue_state_id`,`issue_name`,`prize_name`,`prize_money`,`prize_img`,`yet_bet_num`,`all_bet_num`,`block_number`,`luck_number`,`abort_time`,`lottery_time`) values (1,2,'20200706-1','100元红包','100.00','ic_hongbao.png',2000,10000,246598742,243,'2020-07-06 10:00:00',NULL),(2,2,'20200706-2','100元红包','100.00','ic_hongbao.png',3000,10000,869592602,603,'2020-07-06 12:00:00',NULL),(3,2,'20200706-3','100元红包','100.00','ic_hongbao.png',3000,10000,471758785,2786,'2020-07-06 14:00:00',NULL),(4,2,'20200706-4','100元红包','100.00','ic_hongbao.png',600,10000,393723219,220,'2020-07-06 16:00:00',NULL),(5,2,'20200706-5','100元红包','100.00','ic_hongbao.png',0,10000,NULL,NULL,'2020-07-06 18:00:00',NULL),(6,2,'20200706-6','100元红包','100.00','ic_hongbao.png',0,10000,NULL,NULL,'2020-07-06 20:00:00','1970-01-04 19:21:01'),(7,2,'20200706-7','100元红包','100.00','ic_hongbao.png',0,10000,NULL,NULL,'2020-07-06 22:00:00','1970-01-05 09:17:07'),(8,2,'20200706-8','100元红包','100.00','ic_hongbao.png',0,10000,NULL,NULL,'2020-07-07 00:00:00','1970-01-08 09:57:47');

/*Table structure for table `issue_setting` */

DROP TABLE IF EXISTS `issue_setting`;

CREATE TABLE `issue_setting` (
  `issue_setting_id` int(11) NOT NULL AUTO_INCREMENT,
  `issue_num` int(11) NOT NULL,
  `prize_name` varchar(15) NOT NULL,
  `prize_money` decimal(10,2) NOT NULL,
  `prize_img` varchar(30) NOT NULL,
  `init_bet_num` int(11) NOT NULL,
  `max_bet_num` int(11) NOT NULL,
  `start_hour` int(11) NOT NULL,
  `start_minute` int(11) NOT NULL,
  `start_second` int(11) NOT NULL,
  `interval_hour` int(11) NOT NULL,
  PRIMARY KEY (`issue_setting_id`)
) ENGINE=InnoDB AUTO_INCREMENT=2 DEFAULT CHARSET=utf8;

/*Data for the table `issue_setting` */

insert  into `issue_setting`(`issue_setting_id`,`issue_num`,`prize_name`,`prize_money`,`prize_img`,`init_bet_num`,`max_bet_num`,`start_hour`,`start_minute`,`start_second`,`interval_hour`) values (1,8,'100元红包','100.00','ic_hongbao.png',0,10000,8,0,0,2);

/*Table structure for table `issue_state` */

DROP TABLE IF EXISTS `issue_state`;

CREATE TABLE `issue_state` (
  `issue_state_id` int(11) NOT NULL AUTO_INCREMENT,
  `issue_state_name` varchar(5) NOT NULL,
  PRIMARY KEY (`issue_state_id`)
) ENGINE=InnoDB AUTO_INCREMENT=3 DEFAULT CHARSET=utf8;

/*Data for the table `issue_state` */

insert  into `issue_state`(`issue_state_id`,`issue_state_name`) values (1,'可参与'),(2,'已开奖');

/*Table structure for table `money_record` */

DROP TABLE IF EXISTS `money_record`;

CREATE TABLE `money_record` (
  `money_record_id` int(11) NOT NULL AUTO_INCREMENT,
  `user_id` int(11) DEFAULT NULL,
  `money_soure_id` int(11) DEFAULT NULL,
  `money_state_id` int(11) DEFAULT NULL,
  `money` decimal(10,2) NOT NULL,
  `create_time` datetime NOT NULL,
  `money_type` int(11) NOT NULL,
  PRIMARY KEY (`money_record_id`)
) ENGINE=InnoDB AUTO_INCREMENT=41 DEFAULT CHARSET=utf8;

/*Data for the table `money_record` */

insert  into `money_record`(`money_record_id`,`user_id`,`money_soure_id`,`money_state_id`,`money`,`create_time`,`money_type`) values (1,96,1,1,'-18.00','2020-06-01 16:58:59',1),(2,96,1,3,'39.00','2020-06-01 16:58:59',0),(33,96,1,1,'-20.00','2020-06-05 11:57:15',1),(34,96,2,3,'100.00','2020-06-15 10:32:00',0),(35,96,2,3,'100.00','2020-06-15 10:33:00',0),(36,96,2,3,'100.00','2020-06-15 10:34:00',0),(37,96,2,3,'100.00','2020-06-15 10:35:00',0),(38,96,1,1,'-200.00','2020-06-15 10:42:24',1),(39,96,1,1,'-20.00','2020-07-06 16:34:17',1),(40,96,1,1,'-20.00','2020-07-06 19:22:56',1);

/*Table structure for table `money_soure` */

DROP TABLE IF EXISTS `money_soure`;

CREATE TABLE `money_soure` (
  `money_soure_id` int(11) NOT NULL AUTO_INCREMENT,
  `money_soure_name` varchar(15) NOT NULL,
  PRIMARY KEY (`money_soure_id`)
) ENGINE=InnoDB AUTO_INCREMENT=3 DEFAULT CHARSET=utf8;

/*Data for the table `money_soure` */

insert  into `money_soure`(`money_soure_id`,`money_soure_name`) values (1,'微信提现'),(2,'抽奖获取');

/*Table structure for table `money_state` */

DROP TABLE IF EXISTS `money_state`;

CREATE TABLE `money_state` (
  `money_state_id` int(11) NOT NULL AUTO_INCREMENT,
  `money_state_name` varchar(5) NOT NULL,
  PRIMARY KEY (`money_state_id`)
) ENGINE=InnoDB AUTO_INCREMENT=4 DEFAULT CHARSET=utf8;

/*Data for the table `money_state` */

insert  into `money_state`(`money_state_id`,`money_state_name`) values (1,'处理中'),(2,'提现成功'),(3,'入账成功');

/*Table structure for table `notice` */

DROP TABLE IF EXISTS `notice`;

CREATE TABLE `notice` (
  `notice_id` int(11) NOT NULL AUTO_INCREMENT,
  `notice_title` varchar(15) NOT NULL,
  `notice_content` varchar(500) NOT NULL,
  `notice_img` varchar(100) DEFAULT NULL,
  `publisher` varchar(20) NOT NULL,
  `create_time` datetime NOT NULL,
  `is_new` int(11) DEFAULT NULL,
  PRIMARY KEY (`notice_id`)
) ENGINE=InnoDB DEFAULT CHARSET=utf8;

/*Data for the table `notice` */

/*Table structure for table `pet_info` */

DROP TABLE IF EXISTS `pet_info`;

CREATE TABLE `pet_info` (
  `pet_info_id` int(11) NOT NULL AUTO_INCREMENT,
  `pet_name` varchar(10) NOT NULL,
  `pet_level` int(11) NOT NULL,
  `pet_img` int(11) NOT NULL,
  `pet_gold` varchar(30) NOT NULL,
  PRIMARY KEY (`pet_info_id`)
) ENGINE=InnoDB AUTO_INCREMENT=38 DEFAULT CHARSET=utf8;

/*Data for the table `pet_info` */

insert  into `pet_info`(`pet_info_id`,`pet_name`,`pet_level`,`pet_img`,`pet_gold`) values (1,'小奶猫',1,1,'25'),(2,'小小白',2,2,'50'),(3,'小小黑',3,3,'100'),(4,'小橘猫',4,4,'200'),(5,'小灰灰',5,5,'400'),(6,'狸花猫',6,6,'800'),(7,'虎斑猫',7,7,'1600'),(8,'三花猫',8,8,'3200'),(9,'乳白英短',9,9,'6400'),(10,'A10',10,10,'12800'),(11,'波斯猫',11,11,'25600'),(12,'加菲猫',12,12,'51200'),(13,'金吉拉',13,13,'102400'),(14,'美国短毛',14,14,'204800'),(15,'血鞋猫',15,15,'409600'),(16,'肥橘猫',16,16,'819200'),(17,'折耳猫',17,17,'1638400'),(18,'乳白英长',18,18,'3276800'),(19,'卷毛猫',19,19,'6553600'),(20,'短尾猫',20,20,'13107200'),(21,'索马里猫',21,21,'26214400'),(22,'挪威森林猫',22,22,'52428800'),(23,'埃及猫',23,23,'104857600'),(24,'豹猫',24,24,'209715200'),(25,'布偶猫',25,25,'419430400'),(26,'画家猫',26,26,'838860800'),(27,'厨师猫',27,27,'1677721600'),(28,'宇航猫',28,28,'3355443200'),(29,'侦查猫',29,29,'6710886400'),(30,'魔法猫',30,30,'13421772800'),(31,'金神猫',31,31,'26843545600'),(32,'木神猫',32,32,'53687091200'),(33,'水神猫',33,33,'107374182400'),(34,'火神猫',34,34,'214748364800'),(35,'土神猫',35,35,'429496729600'),(36,'雷神猫',36,36,'858993459200'),(37,'月神猫',37,37,'1717986918400');

/*Table structure for table `pet_info_detail` */

DROP TABLE IF EXISTS `pet_info_detail`;

CREATE TABLE `pet_info_detail` (
  `pet_info_detail_id` int(11) NOT NULL AUTO_INCREMENT,
  `user_id` int(11) DEFAULT NULL,
  `pet_info_id` int(11) DEFAULT NULL,
  `pet_gold_level` int(11) NOT NULL,
  `is_create` int(11) NOT NULL,
  `is_locked` int(11) NOT NULL,
  PRIMARY KEY (`pet_info_detail_id`)
) ENGINE=InnoDB AUTO_INCREMENT=1037 DEFAULT CHARSET=utf8;

/*Data for the table `pet_info_detail` */

insert  into `pet_info_detail`(`pet_info_detail_id`,`user_id`,`pet_info_id`,`pet_gold_level`,`is_create`,`is_locked`) values (1,81,1,1,1,1),(2,81,2,2,0,1),(3,81,3,0,0,1),(4,81,4,0,0,1),(5,81,5,0,0,1),(6,81,6,0,0,0),(7,81,7,0,0,0),(8,81,8,0,0,0),(9,81,9,0,0,0),(10,81,10,0,0,0),(11,81,11,0,0,0),(12,81,12,0,0,0),(13,81,13,0,0,0),(14,81,14,0,0,0),(15,81,15,0,0,0),(16,81,16,0,0,0),(17,81,17,0,0,0),(18,81,18,0,0,0),(19,81,19,0,0,0),(20,81,20,0,0,0),(21,81,21,0,0,0),(22,81,22,0,0,0),(23,81,23,0,0,0),(24,81,24,0,0,0),(25,81,25,0,0,0),(26,81,26,0,0,0),(27,81,27,0,0,0),(28,81,28,0,0,0),(29,81,29,0,0,0),(30,81,30,0,0,0),(31,81,31,0,0,0),(32,81,32,0,0,0),(33,81,33,0,0,0),(34,81,34,0,0,0),(35,81,35,0,0,0),(36,81,36,0,0,0),(37,81,37,0,0,0),(38,82,1,0,1,1),(39,82,2,0,0,1),(40,82,3,0,0,1),(41,82,4,0,0,1),(42,82,5,0,0,1),(43,82,6,0,0,0),(44,82,7,0,0,0),(45,82,8,0,0,0),(46,82,9,0,0,0),(47,82,10,0,0,0),(48,82,11,0,0,0),(49,82,12,0,0,0),(50,82,13,0,0,0),(51,82,14,0,0,0),(52,82,15,0,0,0),(53,82,16,0,0,0),(54,82,17,0,0,0),(55,82,18,0,0,0),(56,82,19,0,0,0),(57,82,20,0,0,0),(58,82,21,0,0,0),(59,82,22,0,0,0),(60,82,23,0,0,0),(61,82,24,0,0,0),(62,82,25,0,0,0),(63,82,26,0,0,0),(64,82,27,0,0,0),(65,82,28,0,0,0),(66,82,29,0,0,0),(67,82,30,0,0,0),(68,82,31,0,0,0),(69,82,32,0,0,0),(70,82,33,0,0,0),(71,82,34,0,0,0),(72,82,35,0,0,0),(73,82,36,0,0,0),(74,82,37,0,0,0),(75,83,1,0,1,1),(76,83,2,0,0,1),(77,83,3,0,0,1),(78,83,4,0,0,1),(79,83,5,0,0,1),(80,83,6,0,0,0),(81,83,7,0,0,0),(82,83,8,0,0,0),(83,83,9,0,0,0),(84,83,10,0,0,0),(85,83,11,0,0,0),(86,83,12,0,0,0),(87,83,13,0,0,0),(88,83,14,0,0,0),(89,83,15,0,0,0),(90,83,16,0,0,0),(91,83,17,0,0,0),(92,83,18,0,0,0),(93,83,19,0,0,0),(94,83,20,0,0,0),(95,83,21,0,0,0),(96,83,22,0,0,0),(97,83,23,0,0,0),(98,83,24,0,0,0),(99,83,25,0,0,0),(100,83,26,0,0,0),(101,83,27,0,0,0),(102,83,28,0,0,0),(103,83,29,0,0,0),(104,83,30,0,0,0),(105,83,31,0,0,0),(106,83,32,0,0,0),(107,83,33,0,0,0),(108,83,34,0,0,0),(109,83,35,0,0,0),(110,83,36,0,0,0),(111,83,37,0,0,0),(112,84,1,0,1,1),(113,84,2,0,0,1),(114,84,3,0,0,1),(115,84,4,0,0,1),(116,84,5,0,0,1),(117,84,6,0,0,0),(118,84,7,0,0,0),(119,84,8,0,0,0),(120,84,9,0,0,0),(121,84,10,0,0,0),(122,84,11,0,0,0),(123,84,12,0,0,0),(124,84,13,0,0,0),(125,84,14,0,0,0),(126,84,15,0,0,0),(127,84,16,0,0,0),(128,84,17,0,0,0),(129,84,18,0,0,0),(130,84,19,0,0,0),(131,84,20,0,0,0),(132,84,21,0,0,0),(133,84,22,0,0,0),(134,84,23,0,0,0),(135,84,24,0,0,0),(136,84,25,0,0,0),(137,84,26,0,0,0),(138,84,27,0,0,0),(139,84,28,0,0,0),(140,84,29,0,0,0),(141,84,30,0,0,0),(142,84,31,0,0,0),(143,84,32,0,0,0),(144,84,33,0,0,0),(145,84,34,0,0,0),(146,84,35,0,0,0),(147,84,36,0,0,0),(148,84,37,0,0,0),(149,85,1,0,1,1),(150,85,2,0,0,1),(151,85,3,0,0,1),(152,85,4,0,0,1),(153,85,5,0,0,1),(154,85,6,0,0,0),(155,85,7,0,0,0),(156,85,8,0,0,0),(157,85,9,0,0,0),(158,85,10,0,0,0),(159,85,11,0,0,0),(160,85,12,0,0,0),(161,85,13,0,0,0),(162,85,14,0,0,0),(163,85,15,0,0,0),(164,85,16,0,0,0),(165,85,17,0,0,0),(166,85,18,0,0,0),(167,85,19,0,0,0),(168,85,20,0,0,0),(169,85,21,0,0,0),(170,85,22,0,0,0),(171,85,23,0,0,0),(172,85,24,0,0,0),(173,85,25,0,0,0),(174,85,26,0,0,0),(175,85,27,0,0,0),(176,85,28,0,0,0),(177,85,29,0,0,0),(178,85,30,0,0,0),(179,85,31,0,0,0),(180,85,32,0,0,0),(181,85,33,0,0,0),(182,85,34,0,0,0),(183,85,35,0,0,0),(184,85,36,0,0,0),(185,85,37,0,0,0),(186,86,1,0,1,1),(187,86,2,0,0,1),(188,86,3,0,0,1),(189,86,4,0,0,1),(190,86,5,0,0,1),(191,86,6,0,0,0),(192,86,7,0,0,0),(193,86,8,0,0,0),(194,86,9,0,0,0),(195,86,10,0,0,0),(196,86,11,0,0,0),(197,86,12,0,0,0),(198,86,13,0,0,0),(199,86,14,0,0,0),(200,86,15,0,0,0),(201,86,16,0,0,0),(202,86,17,0,0,0),(203,86,18,0,0,0),(204,86,19,0,0,0),(205,86,20,0,0,0),(206,86,21,0,0,0),(207,86,22,0,0,0),(208,86,23,0,0,0),(209,86,24,0,0,0),(210,86,25,0,0,0),(211,86,26,0,0,0),(212,86,27,0,0,0),(213,86,28,0,0,0),(214,86,29,0,0,0),(215,86,30,0,0,0),(216,86,31,0,0,0),(217,86,32,0,0,0),(218,86,33,0,0,0),(219,86,34,0,0,0),(220,86,35,0,0,0),(221,86,36,0,0,0),(222,86,37,0,0,0),(223,87,1,0,1,1),(224,87,2,0,0,1),(225,87,3,0,0,1),(226,87,4,0,0,1),(227,87,5,0,0,1),(228,87,6,0,0,0),(229,87,7,0,0,0),(230,87,8,0,0,0),(231,87,9,0,0,0),(232,87,10,0,0,0),(233,87,11,0,0,0),(234,87,12,0,0,0),(235,87,13,0,0,0),(236,87,14,0,0,0),(237,87,15,0,0,0),(238,87,16,0,0,0),(239,87,17,0,0,0),(240,87,18,0,0,0),(241,87,19,0,0,0),(242,87,20,0,0,0),(243,87,21,0,0,0),(244,87,22,0,0,0),(245,87,23,0,0,0),(246,87,24,0,0,0),(247,87,25,0,0,0),(248,87,26,0,0,0),(249,87,27,0,0,0),(250,87,28,0,0,0),(251,87,29,0,0,0),(252,87,30,0,0,0),(253,87,31,0,0,0),(254,87,32,0,0,0),(255,87,33,0,0,0),(256,87,34,0,0,0),(257,87,35,0,0,0),(258,87,36,0,0,0),(259,87,37,0,0,0),(260,88,1,0,1,1),(261,88,2,0,1,1),(262,88,3,0,1,1),(263,88,4,0,0,1),(264,88,5,0,0,1),(265,88,6,0,0,0),(266,88,7,0,0,0),(267,88,8,0,0,0),(268,88,9,0,0,0),(269,88,10,0,0,0),(270,88,11,0,0,0),(271,88,12,0,0,0),(272,88,13,0,0,0),(273,88,14,0,0,0),(274,88,15,0,0,0),(275,88,16,0,0,0),(276,88,17,0,0,0),(277,88,18,0,0,0),(278,88,19,0,0,0),(279,88,20,0,0,0),(280,88,21,0,0,0),(281,88,22,0,0,0),(282,88,23,0,0,0),(283,88,24,0,0,0),(284,88,25,0,0,0),(285,88,26,0,0,0),(286,88,27,0,0,0),(287,88,28,0,0,0),(288,88,29,0,0,0),(289,88,30,0,0,0),(290,88,31,0,0,0),(291,88,32,0,0,0),(292,88,33,0,0,0),(293,88,34,0,0,0),(294,88,35,0,0,0),(295,88,36,0,0,0),(296,88,37,0,0,0),(297,89,1,0,1,1),(298,89,2,0,1,1),(299,89,3,0,1,1),(300,89,4,0,1,1),(301,89,5,0,1,1),(302,89,6,0,0,1),(303,89,7,0,0,1),(304,89,8,0,0,1),(305,89,9,0,0,1),(306,89,10,0,0,0),(307,89,11,0,0,0),(308,89,12,0,0,0),(309,89,13,0,0,0),(310,89,14,0,0,0),(311,89,15,0,0,0),(312,89,16,0,0,0),(313,89,17,0,0,0),(314,89,18,0,0,0),(315,89,19,0,0,0),(316,89,20,0,0,0),(317,89,21,0,0,0),(318,89,22,0,0,0),(319,89,23,0,0,0),(320,89,24,0,0,0),(321,89,25,0,0,0),(322,89,26,0,0,0),(323,89,27,0,0,0),(324,89,28,0,0,0),(325,89,29,0,0,0),(326,89,30,0,0,0),(327,89,31,0,0,0),(328,89,32,0,0,0),(329,89,33,0,0,0),(330,89,34,0,0,0),(331,89,35,0,0,0),(332,89,36,0,0,0),(333,89,37,0,0,0),(334,90,1,0,1,1),(335,90,2,0,1,1),(336,90,3,0,1,1),(337,90,4,0,1,1),(338,90,5,0,1,1),(339,90,6,0,1,1),(340,90,7,0,1,1),(341,90,8,0,1,1),(342,90,9,0,1,1),(343,90,10,0,0,1),(344,90,11,0,0,1),(345,90,12,0,0,1),(346,90,13,0,0,1),(347,90,14,0,0,0),(348,90,15,0,0,0),(349,90,16,0,0,0),(350,90,17,0,0,0),(351,90,18,0,0,0),(352,90,19,0,0,0),(353,90,20,0,0,0),(354,90,21,0,0,0),(355,90,22,0,0,0),(356,90,23,0,0,0),(357,90,24,0,0,0),(358,90,25,0,0,0),(359,90,26,0,0,0),(360,90,27,0,0,0),(361,90,28,0,0,0),(362,90,29,0,0,0),(363,90,30,0,0,0),(364,90,31,0,0,0),(365,90,32,0,0,0),(366,90,33,0,0,0),(367,90,34,0,0,0),(368,90,35,0,0,0),(369,90,36,0,0,0),(370,90,37,0,0,0),(371,91,1,0,1,1),(372,91,2,0,1,1),(373,91,3,0,1,1),(374,91,4,0,1,1),(375,91,5,0,1,1),(376,91,6,0,0,1),(377,91,7,0,0,1),(378,91,8,0,0,1),(379,91,9,0,0,1),(380,91,10,0,0,0),(381,91,11,0,0,0),(382,91,12,0,0,0),(383,91,13,0,0,0),(384,91,14,0,0,0),(385,91,15,0,0,0),(386,91,16,0,0,0),(387,91,17,0,0,0),(388,91,18,0,0,0),(389,91,19,0,0,0),(390,91,20,0,0,0),(391,91,21,0,0,0),(392,91,22,0,0,0),(393,91,23,0,0,0),(394,91,24,0,0,0),(395,91,25,0,0,0),(396,91,26,0,0,0),(397,91,27,0,0,0),(398,91,28,0,0,0),(399,91,29,0,0,0),(400,91,30,0,0,0),(401,91,31,0,0,0),(402,91,32,0,0,0),(403,91,33,0,0,0),(404,91,34,0,0,0),(405,91,35,0,0,0),(406,91,36,0,0,0),(407,91,37,0,0,0),(408,92,1,0,1,1),(409,92,2,0,0,1),(410,92,3,0,0,1),(411,92,4,0,0,1),(412,92,5,0,0,1),(413,92,6,0,0,0),(414,92,7,0,0,0),(415,92,8,0,0,0),(416,92,9,0,0,0),(417,92,10,0,0,0),(418,92,11,0,0,0),(419,92,12,0,0,0),(420,92,13,0,0,0),(421,92,14,0,0,0),(422,92,15,0,0,0),(423,92,16,0,0,0),(424,92,17,0,0,0),(425,92,18,0,0,0),(426,92,19,0,0,0),(427,92,20,0,0,0),(428,92,21,0,0,0),(429,92,22,0,0,0),(430,92,23,0,0,0),(431,92,24,0,0,0),(432,92,25,0,0,0),(433,92,26,0,0,0),(434,92,27,0,0,0),(435,92,28,0,0,0),(436,92,29,0,0,0),(437,92,30,0,0,0),(438,92,31,0,0,0),(439,92,32,0,0,0),(440,92,33,0,0,0),(441,92,34,0,0,0),(442,92,35,0,0,0),(443,92,36,0,0,0),(444,92,37,0,0,0),(445,93,1,0,1,1),(446,93,2,0,0,1),(447,93,3,0,0,1),(448,93,4,0,0,1),(449,93,5,0,0,1),(450,93,6,0,0,0),(451,93,7,0,0,0),(452,93,8,0,0,0),(453,93,9,0,0,0),(454,93,10,0,0,0),(455,93,11,0,0,0),(456,93,12,0,0,0),(457,93,13,0,0,0),(458,93,14,0,0,0),(459,93,15,0,0,0),(460,93,16,0,0,0),(461,93,17,0,0,0),(462,93,18,0,0,0),(463,93,19,0,0,0),(464,93,20,0,0,0),(465,93,21,0,0,0),(466,93,22,0,0,0),(467,93,23,0,0,0),(468,93,24,0,0,0),(469,93,25,0,0,0),(470,93,26,0,0,0),(471,93,27,0,0,0),(472,93,28,0,0,0),(473,93,29,0,0,0),(474,93,30,0,0,0),(475,93,31,0,0,0),(476,93,32,0,0,0),(477,93,33,0,0,0),(478,93,34,0,0,0),(479,93,35,0,0,0),(480,93,36,0,0,0),(481,93,37,0,0,0),(482,94,1,0,1,1),(483,94,2,0,0,1),(484,94,3,0,0,1),(485,94,4,0,0,1),(486,94,5,0,0,1),(487,94,6,0,0,0),(488,94,7,0,0,0),(489,94,8,0,0,0),(490,94,9,0,0,0),(491,94,10,0,0,0),(492,94,11,0,0,0),(493,94,12,0,0,0),(494,94,13,0,0,0),(495,94,14,0,0,0),(496,94,15,0,0,0),(497,94,16,0,0,0),(498,94,17,0,0,0),(499,94,18,0,0,0),(500,94,19,0,0,0),(501,94,20,0,0,0),(502,94,21,0,0,0),(503,94,22,0,0,0),(504,94,23,0,0,0),(505,94,24,0,0,0),(506,94,25,0,0,0),(507,94,26,0,0,0),(508,94,27,0,0,0),(509,94,28,0,0,0),(510,94,29,0,0,0),(511,94,30,0,0,0),(512,94,31,0,0,0),(513,94,32,0,0,0),(514,94,33,0,0,0),(515,94,34,0,0,0),(516,94,35,0,0,0),(517,94,36,0,0,0),(518,94,37,0,0,0),(519,95,1,0,1,1),(520,95,2,0,0,1),(521,95,3,0,0,1),(522,95,4,0,0,1),(523,95,5,0,0,1),(524,95,6,0,0,0),(525,95,7,0,0,0),(526,95,8,0,0,0),(527,95,9,0,0,0),(528,95,10,0,0,0),(529,95,11,0,0,0),(530,95,12,0,0,0),(531,95,13,0,0,0),(532,95,14,0,0,0),(533,95,15,0,0,0),(534,95,16,0,0,0),(535,95,17,0,0,0),(536,95,18,0,0,0),(537,95,19,0,0,0),(538,95,20,0,0,0),(539,95,21,0,0,0),(540,95,22,0,0,0),(541,95,23,0,0,0),(542,95,24,0,0,0),(543,95,25,0,0,0),(544,95,26,0,0,0),(545,95,27,0,0,0),(546,95,28,0,0,0),(547,95,29,0,0,0),(548,95,30,0,0,0),(549,95,31,0,0,0),(550,95,32,0,0,0),(551,95,33,0,0,0),(552,95,34,0,0,0),(553,95,35,0,0,0),(554,95,36,0,0,0),(555,95,37,0,0,0),(556,96,1,0,1,1),(557,96,2,0,1,1),(558,96,3,0,0,1),(559,96,4,0,0,1),(560,96,5,0,0,1),(561,96,6,0,0,1),(562,96,7,0,0,0),(563,96,8,0,0,0),(564,96,9,0,0,0),(565,96,10,0,0,0),(566,96,11,0,0,0),(567,96,12,0,0,0),(568,96,13,0,0,0),(569,96,14,0,0,0),(570,96,15,0,0,0),(571,96,16,0,0,0),(572,96,17,0,0,0),(573,96,18,0,0,0),(574,96,19,0,0,0),(575,96,20,0,0,0),(576,96,21,0,0,0),(577,96,22,0,0,0),(578,96,23,0,0,0),(579,96,24,0,0,0),(580,96,25,0,0,0),(581,96,26,0,0,0),(582,96,27,0,0,0),(583,96,28,0,0,0),(584,96,29,0,0,0),(585,96,30,0,0,0),(586,96,31,0,0,0),(587,96,32,0,0,0),(588,96,33,0,0,0),(589,96,34,0,0,0),(590,96,35,0,0,0),(591,96,36,0,0,0),(592,96,37,0,0,0),(593,97,1,0,1,1),(594,97,2,0,0,1),(595,97,3,0,0,1),(596,97,4,0,0,1),(597,97,5,0,0,1),(598,97,6,0,0,0),(599,97,7,0,0,0),(600,97,8,0,0,0),(601,97,9,0,0,0),(602,97,10,0,0,0),(603,97,11,0,0,0),(604,97,12,0,0,0),(605,97,13,0,0,0),(606,97,14,0,0,0),(607,97,15,0,0,0),(608,97,16,0,0,0),(609,97,17,0,0,0),(610,97,18,0,0,0),(611,97,19,0,0,0),(612,97,20,0,0,0),(613,97,21,0,0,0),(614,97,22,0,0,0),(615,97,23,0,0,0),(616,97,24,0,0,0),(617,97,25,0,0,0),(618,97,26,0,0,0),(619,97,27,0,0,0),(620,97,28,0,0,0),(621,97,29,0,0,0),(622,97,30,0,0,0),(623,97,31,0,0,0),(624,97,32,0,0,0),(625,97,33,0,0,0),(626,97,34,0,0,0),(627,97,35,0,0,0),(628,97,36,0,0,0),(629,97,37,0,0,0),(630,98,1,12,1,1),(631,98,2,18,1,1),(632,98,3,25,1,1),(633,98,4,28,1,1),(634,98,5,21,1,1),(635,98,6,19,1,1),(636,98,7,17,1,1),(637,98,8,17,1,1),(638,98,9,18,1,1),(639,98,10,7,1,1),(640,98,11,0,0,1),(641,98,12,0,0,1),(642,98,13,0,0,1),(643,98,14,0,0,1),(644,98,15,0,0,0),(645,98,16,0,0,0),(646,98,17,0,0,0),(647,98,18,0,0,0),(648,98,19,0,0,0),(649,98,20,0,0,0),(650,98,21,0,0,0),(651,98,22,0,0,0),(652,98,23,0,0,0),(653,98,24,0,0,0),(654,98,25,0,0,0),(655,98,26,0,0,0),(656,98,27,0,0,0),(657,98,28,0,0,0),(658,98,29,0,0,0),(659,98,30,0,0,0),(660,98,31,0,0,0),(661,98,32,0,0,0),(662,98,33,0,0,0),(663,98,34,0,0,0),(664,98,35,0,0,0),(665,98,36,0,0,0),(666,98,37,0,0,0),(667,99,1,30,1,1),(668,99,2,0,0,1),(669,99,3,0,0,1),(670,99,4,0,0,1),(671,99,5,0,0,1),(672,99,6,0,0,0),(673,99,7,0,0,0),(674,99,8,0,0,0),(675,99,9,0,0,0),(676,99,10,0,0,0),(677,99,11,0,0,0),(678,99,12,0,0,0),(679,99,13,0,0,0),(680,99,14,0,0,0),(681,99,15,0,0,0),(682,99,16,0,0,0),(683,99,17,0,0,0),(684,99,18,0,0,0),(685,99,19,0,0,0),(686,99,20,0,0,0),(687,99,21,0,0,0),(688,99,22,0,0,0),(689,99,23,0,0,0),(690,99,24,0,0,0),(691,99,25,0,0,0),(692,99,26,0,0,0),(693,99,27,0,0,0),(694,99,28,0,0,0),(695,99,29,0,0,0),(696,99,30,0,0,0),(697,99,31,0,0,0),(698,99,32,0,0,0),(699,99,33,0,0,0),(700,99,34,0,0,0),(701,99,35,0,0,0),(702,99,36,0,0,0),(703,99,37,0,0,0),(704,100,1,27,1,1),(705,100,2,0,0,1),(706,100,3,0,0,1),(707,100,4,0,0,1),(708,100,5,0,0,1),(709,100,6,0,0,0),(710,100,7,0,0,0),(711,100,8,0,0,0),(712,100,9,0,0,0),(713,100,10,0,0,0),(714,100,11,0,0,0),(715,100,12,0,0,0),(716,100,13,0,0,0),(717,100,14,0,0,0),(718,100,15,0,0,0),(719,100,16,0,0,0),(720,100,17,0,0,0),(721,100,18,0,0,0),(722,100,19,0,0,0),(723,100,20,0,0,0),(724,100,21,0,0,0),(725,100,22,0,0,0),(726,100,23,0,0,0),(727,100,24,0,0,0),(728,100,25,0,0,0),(729,100,26,0,0,0),(730,100,27,0,0,0),(731,100,28,0,0,0),(732,100,29,0,0,0),(733,100,30,0,0,0),(734,100,31,0,0,0),(735,100,32,0,0,0),(736,100,33,0,0,0),(737,100,34,0,0,0),(738,100,35,0,0,0),(739,100,36,0,0,0),(740,100,37,0,0,0),(741,101,1,12,1,1),(742,101,2,0,0,1),(743,101,3,0,0,1),(744,101,4,0,0,1),(745,101,5,0,0,1),(746,101,6,0,0,0),(747,101,7,0,0,0),(748,101,8,0,0,0),(749,101,9,0,0,0),(750,101,10,0,0,0),(751,101,11,0,0,0),(752,101,12,0,0,0),(753,101,13,0,0,0),(754,101,14,0,0,0),(755,101,15,0,0,0),(756,101,16,0,0,0),(757,101,17,0,0,0),(758,101,18,0,0,0),(759,101,19,0,0,0),(760,101,20,0,0,0),(761,101,21,0,0,0),(762,101,22,0,0,0),(763,101,23,0,0,0),(764,101,24,0,0,0),(765,101,25,0,0,0),(766,101,26,0,0,0),(767,101,27,0,0,0),(768,101,28,0,0,0),(769,101,29,0,0,0),(770,101,30,0,0,0),(771,101,31,0,0,0),(772,101,32,0,0,0),(773,101,33,0,0,0),(774,101,34,0,0,0),(775,101,35,0,0,0),(776,101,36,0,0,0),(777,101,37,0,0,0),(778,102,1,65,1,1),(779,102,2,7,1,1),(780,102,3,0,0,1),(781,102,4,0,0,1),(782,102,5,0,0,1),(783,102,6,0,0,1),(784,102,7,0,0,0),(785,102,8,0,0,0),(786,102,9,0,0,0),(787,102,10,0,0,0),(788,102,11,0,0,0),(789,102,12,0,0,0),(790,102,13,0,0,0),(791,102,14,0,0,0),(792,102,15,0,0,0),(793,102,16,0,0,0),(794,102,17,0,0,0),(795,102,18,0,0,0),(796,102,19,0,0,0),(797,102,20,0,0,0),(798,102,21,0,0,0),(799,102,22,0,0,0),(800,102,23,0,0,0),(801,102,24,0,0,0),(802,102,25,0,0,0),(803,102,26,0,0,0),(804,102,27,0,0,0),(805,102,28,0,0,0),(806,102,29,0,0,0),(807,102,30,0,0,0),(808,102,31,0,0,0),(809,102,32,0,0,0),(810,102,33,0,0,0),(811,102,34,0,0,0),(812,102,35,0,0,0),(813,102,36,0,0,0),(814,102,37,0,0,0),(815,103,1,35,1,1),(816,103,2,0,0,1),(817,103,3,0,0,1),(818,103,4,0,0,1),(819,103,5,0,0,1),(820,103,6,0,0,0),(821,103,7,0,0,0),(822,103,8,0,0,0),(823,103,9,0,0,0),(824,103,10,0,0,0),(825,103,11,0,0,0),(826,103,12,0,0,0),(827,103,13,0,0,0),(828,103,14,0,0,0),(829,103,15,0,0,0),(830,103,16,0,0,0),(831,103,17,0,0,0),(832,103,18,0,0,0),(833,103,19,0,0,0),(834,103,20,0,0,0),(835,103,21,0,0,0),(836,103,22,0,0,0),(837,103,23,0,0,0),(838,103,24,0,0,0),(839,103,25,0,0,0),(840,103,26,0,0,0),(841,103,27,0,0,0),(842,103,28,0,0,0),(843,103,29,0,0,0),(844,103,30,0,0,0),(845,103,31,0,0,0),(846,103,32,0,0,0),(847,103,33,0,0,0),(848,103,34,0,0,0),(849,103,35,0,0,0),(850,103,36,0,0,0),(851,103,37,0,0,0),(852,104,1,42,1,1),(853,104,2,3,1,1),(854,104,3,0,0,1),(855,104,4,0,0,1),(856,104,5,0,0,1),(857,104,6,0,0,1),(858,104,7,0,0,0),(859,104,8,0,0,0),(860,104,9,0,0,0),(861,104,10,0,0,0),(862,104,11,0,0,0),(863,104,12,0,0,0),(864,104,13,0,0,0),(865,104,14,0,0,0),(866,104,15,0,0,0),(867,104,16,0,0,0),(868,104,17,0,0,0),(869,104,18,0,0,0),(870,104,19,0,0,0),(871,104,20,0,0,0),(872,104,21,0,0,0),(873,104,22,0,0,0),(874,104,23,0,0,0),(875,104,24,0,0,0),(876,104,25,0,0,0),(877,104,26,0,0,0),(878,104,27,0,0,0),(879,104,28,0,0,0),(880,104,29,0,0,0),(881,104,30,0,0,0),(882,104,31,0,0,0),(883,104,32,0,0,0),(884,104,33,0,0,0),(885,104,34,0,0,0),(886,104,35,0,0,0),(887,104,36,0,0,0),(888,104,37,0,0,0),(889,105,1,2,1,1),(890,105,2,0,0,1),(891,105,3,0,0,1),(892,105,4,0,0,1),(893,105,5,0,0,1),(894,105,6,0,0,0),(895,105,7,0,0,0),(896,105,8,0,0,0),(897,105,9,0,0,0),(898,105,10,0,0,0),(899,105,11,0,0,0),(900,105,12,0,0,0),(901,105,13,0,0,0),(902,105,14,0,0,0),(903,105,15,0,0,0),(904,105,16,0,0,0),(905,105,17,0,0,0),(906,105,18,0,0,0),(907,105,19,0,0,0),(908,105,20,0,0,0),(909,105,21,0,0,0),(910,105,22,0,0,0),(911,105,23,0,0,0),(912,105,24,0,0,0),(913,105,25,0,0,0),(914,105,26,0,0,0),(915,105,27,0,0,0),(916,105,28,0,0,0),(917,105,29,0,0,0),(918,105,30,0,0,0),(919,105,31,0,0,0),(920,105,32,0,0,0),(921,105,33,0,0,0),(922,105,34,0,0,0),(923,105,35,0,0,0),(924,105,36,0,0,0),(925,105,37,0,0,0),(926,106,1,2,1,1),(927,106,2,0,0,1),(928,106,3,0,0,1),(929,106,4,0,0,1),(930,106,5,0,0,1),(931,106,6,0,0,0),(932,106,7,0,0,0),(933,106,8,0,0,0),(934,106,9,0,0,0),(935,106,10,0,0,0),(936,106,11,0,0,0),(937,106,12,0,0,0),(938,106,13,0,0,0),(939,106,14,0,0,0),(940,106,15,0,0,0),(941,106,16,0,0,0),(942,106,17,0,0,0),(943,106,18,0,0,0),(944,106,19,0,0,0),(945,106,20,0,0,0),(946,106,21,0,0,0),(947,106,22,0,0,0),(948,106,23,0,0,0),(949,106,24,0,0,0),(950,106,25,0,0,0),(951,106,26,0,0,0),(952,106,27,0,0,0),(953,106,28,0,0,0),(954,106,29,0,0,0),(955,106,30,0,0,0),(956,106,31,0,0,0),(957,106,32,0,0,0),(958,106,33,0,0,0),(959,106,34,0,0,0),(960,106,35,0,0,0),(961,106,36,0,0,0),(962,106,37,0,0,0),(963,107,1,42,1,1),(964,107,2,1,1,1),(965,107,3,1,1,1),(966,107,4,1,1,1),(967,107,5,3,1,1),(968,107,6,2,1,1),(969,107,7,1,1,1),(970,107,8,4,1,1),(971,107,9,3,1,1),(972,107,10,1,1,1),(973,107,11,2,1,1),(974,107,12,1,1,1),(975,107,13,1,1,1),(976,107,14,1,1,1),(977,107,15,1,1,1),(978,107,16,1,1,1),(979,107,17,1,1,1),(980,107,18,1,1,1),(981,107,19,1,1,1),(982,107,20,1,1,1),(983,107,21,1,1,1),(984,107,22,1,1,1),(985,107,23,1,1,1),(986,107,24,1,1,1),(987,107,25,1,1,1),(988,107,26,1,1,1),(989,107,27,1,1,1),(990,107,28,1,1,1),(991,107,29,1,1,1),(992,107,30,1,1,1),(993,107,31,1,1,1),(994,107,32,1,1,1),(995,107,33,1,1,1),(996,107,34,1,1,1),(997,107,35,1,1,1),(998,107,36,1,1,1),(999,107,37,1,1,1),(1000,108,1,40,1,1),(1001,108,2,18,1,1),(1002,108,3,19,1,1),(1003,108,4,1,0,1),(1004,108,5,1,0,1),(1005,108,6,1,0,1),(1006,108,7,1,0,1),(1007,108,8,1,0,0),(1008,108,9,1,0,0),(1009,108,10,1,0,0),(1010,108,11,1,0,0),(1011,108,12,1,0,0),(1012,108,13,1,0,0),(1013,108,14,1,0,0),(1014,108,15,1,0,0),(1015,108,16,1,0,0),(1016,108,17,1,0,0),(1017,108,18,1,0,0),(1018,108,19,1,0,0),(1019,108,20,1,0,0),(1020,108,21,1,0,0),(1021,108,22,1,0,0),(1022,108,23,1,0,0),(1023,108,24,1,0,0),(1024,108,25,1,0,0),(1025,108,26,1,0,0),(1026,108,27,1,0,0),(1027,108,28,1,0,0),(1028,108,29,1,0,0),(1029,108,30,1,0,0),(1030,108,31,1,0,0),(1031,108,32,1,0,0),(1032,108,33,1,0,0),(1033,108,34,1,0,0),(1034,108,35,1,0,0),(1035,108,36,1,0,0),(1036,108,37,1,0,0);

/*Table structure for table `power_record` */

DROP TABLE IF EXISTS `power_record`;

CREATE TABLE `power_record` (
  `profit_record_id` int(11) NOT NULL AUTO_INCREMENT,
  `source_type_id` int(11) DEFAULT NULL,
  `user_id` int(11) DEFAULT NULL,
  `profit_num` int(11) NOT NULL,
  `create_time` datetime NOT NULL,
  PRIMARY KEY (`profit_record_id`)
) ENGINE=InnoDB AUTO_INCREMENT=184 DEFAULT CHARSET=utf8;

/*Data for the table `power_record` */

insert  into `power_record`(`profit_record_id`,`source_type_id`,`user_id`,`profit_num`,`create_time`) values (1,1,7,6,'2020-05-22 18:01:54'),(2,3,10,2,'2020-05-26 11:38:36'),(3,3,10,2,'2020-05-26 11:43:49'),(4,3,10,2,'2020-05-26 11:46:08'),(5,3,10,2,'2020-05-26 11:46:44'),(6,3,11,2,'2020-05-26 15:06:38'),(7,3,11,3,'2020-05-26 22:08:46'),(9,3,11,3,'2020-05-26 22:08:46'),(10,3,11,3,'2020-05-26 22:08:46'),(11,3,11,3,'2020-05-26 22:08:46'),(12,3,11,3,'2020-05-26 22:08:46'),(13,3,11,2,'2020-05-25 00:00:00'),(14,3,11,2,'2020-05-25 00:00:00'),(15,3,11,2,'2020-05-25 00:00:00'),(16,3,11,3,'2020-05-26 22:08:46'),(17,3,11,3,'2020-05-26 22:08:46'),(18,3,11,2,'2020-05-25 00:00:00'),(19,3,11,2,'2020-05-25 00:00:00'),(20,3,11,3,'2020-05-26 22:08:46'),(21,3,11,2,'2020-05-25 00:00:00'),(22,3,11,2,'2020-05-25 00:00:00'),(23,3,11,3,'2020-05-26 22:08:46'),(24,3,11,3,'2020-05-26 22:08:46'),(25,3,11,2,'2020-05-25 00:00:00'),(26,3,11,3,'2020-05-26 22:08:46'),(27,3,11,2,'2020-05-25 00:00:00'),(28,3,11,3,'2020-05-26 22:08:46'),(29,3,11,4,'2020-05-27 09:02:48'),(30,3,11,4,'2020-05-27 09:09:11'),(31,3,11,4,'2020-05-27 09:09:11'),(32,3,11,4,'2020-05-27 09:09:11'),(33,3,11,4,'2020-05-27 09:09:11'),(34,3,11,4,'2020-05-27 09:09:11'),(35,3,11,4,'2020-05-27 09:09:11'),(36,3,11,4,'2020-05-27 09:09:11'),(37,3,11,4,'2020-05-27 09:09:11'),(38,3,11,4,'2020-05-27 09:09:11'),(39,3,11,4,'2020-05-27 09:09:11'),(40,3,11,4,'2020-05-27 09:09:11'),(41,3,11,4,'2020-05-27 09:09:11'),(42,3,11,4,'2020-05-27 09:09:11'),(43,3,11,4,'2020-05-27 09:09:11'),(44,3,11,4,'2020-05-27 09:09:11'),(45,3,11,4,'2020-05-27 09:09:11'),(46,3,11,4,'2020-05-27 09:09:11'),(47,3,11,4,'2020-05-27 09:09:11'),(48,3,11,4,'2020-05-27 09:09:11'),(49,3,11,4,'2020-05-27 09:09:11'),(50,3,11,4,'2020-05-27 09:09:11'),(51,3,11,4,'2020-05-27 09:09:11'),(52,3,16,4,'2020-05-27 09:09:11'),(53,3,17,4,'2020-05-27 14:02:10'),(54,3,18,4,'2020-05-27 14:10:56'),(55,2,18,6,'2020-05-27 15:23:15'),(56,2,18,6,'2020-05-27 15:23:15'),(57,2,18,6,'2020-05-27 15:23:15'),(58,2,18,6,'2020-05-27 15:23:15'),(59,2,18,6,'2020-05-27 15:23:15'),(60,2,18,6,'2020-05-27 15:23:15'),(61,2,18,6,'2020-05-27 16:40:29'),(62,3,21,4,'2020-05-27 17:19:07'),(63,3,24,4,'2020-05-27 18:22:56'),(64,3,24,6,'2020-05-27 21:23:45'),(65,12,24,15,'2020-05-27 21:43:59'),(66,3,27,6,'2020-05-27 22:00:38'),(67,12,29,15,'2020-05-27 22:09:35'),(68,3,29,4,'2020-05-27 21:45:38'),(69,3,29,4,'2020-05-27 21:45:38'),(70,3,29,5,'2020-05-28 09:02:55'),(71,12,30,30,'2020-05-28 09:22:45'),(72,3,30,5,'2020-05-28 09:02:55'),(73,3,30,5,'2020-05-28 09:02:55'),(74,3,30,5,'2020-05-28 09:02:55'),(75,3,30,5,'2020-05-28 09:02:55'),(76,3,30,5,'2020-05-28 09:02:55'),(77,3,30,5,'2020-05-28 09:02:55'),(78,3,30,5,'2020-05-28 09:02:55'),(79,3,30,5,'2020-05-28 09:02:55'),(80,3,30,5,'2020-05-28 09:02:55'),(81,3,30,5,'2020-05-28 09:02:55'),(82,3,30,5,'2020-05-28 09:02:55'),(83,3,30,5,'2020-05-28 09:02:55'),(84,3,30,5,'2020-05-28 09:02:55'),(85,3,30,5,'2020-05-28 09:02:55'),(86,3,30,5,'2020-05-28 09:02:55'),(87,3,30,5,'2020-05-28 09:02:55'),(88,3,30,6,'2020-05-28 10:02:30'),(89,3,30,5,'2020-05-28 10:24:56'),(90,3,30,5,'2020-05-28 10:24:56'),(91,3,30,5,'2020-05-28 10:24:56'),(92,12,30,30,'2020-05-28 10:46:55'),(93,3,30,2,'2020-05-28 16:16:06'),(94,3,30,2,'2020-05-28 16:22:14'),(95,3,30,2,'2020-05-28 16:25:30'),(96,3,30,2,'2020-05-28 16:34:18'),(97,12,30,30,'2020-05-28 16:36:43'),(98,3,31,2,'2020-05-28 16:40:42'),(99,12,31,30,'2020-05-28 16:41:23'),(100,1,32,6,'2020-05-28 16:42:58'),(101,1,33,6,'2020-05-28 16:57:41'),(102,3,33,2,'2020-05-28 16:56:50'),(103,12,33,30,'2020-05-28 16:59:06'),(104,3,33,3,'2020-05-29 00:00:00'),(105,3,33,6,'2020-05-29 08:15:41'),(106,3,34,6,'2020-05-29 10:36:40'),(107,3,37,6,'2020-05-29 11:22:50'),(108,3,38,3,'2020-05-29 10:42:55'),(109,3,38,6,'2020-05-29 15:53:40'),(110,12,38,30,'2020-05-29 16:05:17'),(111,3,39,6,'2020-05-29 17:19:31'),(112,3,40,6,'2020-05-29 20:13:59'),(113,3,40,3,'2020-05-29 17:19:16'),(114,12,40,30,'2020-05-29 20:14:55'),(115,3,40,4,'2020-05-30 00:00:00'),(116,3,41,6,'2020-06-01 08:06:30'),(117,3,41,6,'2020-06-01 08:46:31'),(118,5,43,6,'2020-06-01 10:31:05'),(119,4,43,30,'2020-06-01 11:49:28'),(120,34,43,6,'2020-06-01 10:15:32'),(121,3,44,6,'2020-06-01 10:15:32'),(122,3,44,6,'2020-06-01 12:22:53'),(123,4,46,8,'2020-06-02 09:03:02'),(124,4,46,30,'2020-06-02 09:22:16'),(125,5,46,6,'2020-06-02 09:34:17'),(126,3,46,8,'2020-06-02 11:11:44'),(127,3,46,6,'2020-06-02 14:30:32'),(128,12,46,30,'2020-06-02 15:54:26'),(129,1,48,6,'2020-06-02 16:19:36'),(130,3,48,10,'2020-06-03 00:00:00'),(131,3,48,6,'2020-06-03 09:10:59'),(132,3,49,6,'2020-06-03 10:27:23'),(133,3,49,10,'2020-06-03 11:48:06'),(134,12,49,30,'2020-06-03 11:52:01'),(135,3,57,10,'2020-06-03 18:00:38'),(136,12,57,30,'2020-06-03 18:01:59'),(137,3,57,6,'2020-06-04 09:36:30'),(138,3,57,2,'2020-06-04 09:20:10'),(139,3,57,3,'2020-06-05 00:00:00'),(140,3,65,3,'2020-06-05 09:46:51'),(141,3,65,6,'2020-06-05 11:19:29'),(142,12,65,30,'2020-06-05 11:21:34'),(143,13,66,6,'2020-06-05 11:42:06'),(144,12,66,30,'2020-06-05 11:52:03'),(145,3,66,3,'2020-06-05 09:46:51'),(146,3,66,6,'2020-06-05 15:07:35'),(147,3,67,6,'2020-06-08 15:25:36'),(148,3,67,6,'2020-06-08 14:40:54'),(149,12,67,30,'2020-06-08 16:18:57'),(150,3,68,8,'2020-06-09 09:06:09'),(151,3,68,6,'2020-06-09 09:39:20'),(152,3,68,10,'2020-06-10 08:06:11'),(153,3,69,10,'2020-06-10 08:06:11'),(154,12,69,30,'2020-06-10 10:38:20'),(155,3,69,6,'2020-06-10 14:05:39'),(156,3,71,10,'2020-06-10 14:12:43'),(157,3,71,6,'2020-06-10 14:24:53'),(158,3,72,6,'2020-06-11 10:19:06'),(159,3,73,6,'2020-06-11 16:18:55'),(160,3,75,6,'2020-06-11 17:32:55'),(161,3,80,6,'2020-06-15 09:21:17'),(162,3,81,6,'2020-06-18 16:32:06'),(163,3,83,6,'2020-06-18 17:01:10'),(164,3,88,6,'2020-06-19 11:13:27'),(165,3,88,6,'2020-06-19 11:13:27'),(166,3,88,6,'2020-06-19 11:13:27'),(167,3,89,6,'2020-07-02 09:25:37'),(168,3,90,6,'2020-07-02 20:52:49'),(169,3,91,6,'2020-07-03 19:19:22'),(170,3,92,6,'2020-07-04 08:33:09'),(171,3,94,6,'2020-07-04 10:53:37'),(172,3,95,6,'2020-07-05 20:13:15'),(173,3,96,6,'2020-07-06 18:57:17'),(174,3,96,2,'2020-07-06 19:19:10'),(175,12,96,30,'2020-07-06 19:24:26'),(176,3,97,6,'2020-07-07 08:47:28'),(177,3,98,6,'2020-07-07 11:24:45'),(178,3,98,3,'2020-07-07 14:43:11'),(179,3,99,6,'2020-07-09 15:51:58'),(180,3,99,5,'2020-07-09 16:55:58'),(181,3,101,6,'2020-07-09 19:14:54'),(182,3,102,6,'2020-07-09 19:56:08'),(183,3,108,6,'2020-07-10 08:45:49');

/*Table structure for table `progress` */

DROP TABLE IF EXISTS `progress`;

CREATE TABLE `progress` (
  `progress_id` int(11) NOT NULL AUTO_INCREMENT,
  `tudi` decimal(6,3) DEFAULT NULL,
  `tushu` decimal(6,3) DEFAULT NULL,
  `other` decimal(6,3) DEFAULT NULL,
  PRIMARY KEY (`progress_id`)
) ENGINE=InnoDB AUTO_INCREMENT=110 DEFAULT CHARSET=utf8;

/*Data for the table `progress` */

insert  into `progress`(`progress_id`,`tudi`,`tushu`,`other`) values (5,'21.000','7.568','21.220'),(6,'0.000','0.000','0.000'),(7,'0.000','0.000','0.000'),(8,'21.000','7.568','21.220'),(9,'28.500','30.000','42.000'),(10,'0.000','0.000','0.000'),(11,'0.000','0.000','0.000'),(12,'0.000','0.000','0.000'),(13,'0.000','0.000','0.000'),(14,'0.000','0.000','0.000'),(15,'0.000','0.000','0.000'),(16,'0.000','0.000','0.000'),(17,'0.000','0.000','0.000'),(18,'0.000','0.000','0.000'),(19,'0.000','0.000','0.000'),(20,'0.000','0.000','0.000'),(21,'0.000','0.000','0.000'),(22,'0.000','0.000','0.000'),(25,'0.000','0.000','0.000'),(26,'0.000','0.000','0.000'),(27,'0.000','0.000','0.000'),(28,'0.000','0.000','0.000'),(29,'0.000','0.000','0.000'),(30,'0.000','0.000','0.000'),(31,'0.000','0.000','0.000'),(32,'0.000','0.000','0.000'),(33,'0.000','0.000','0.000'),(34,'0.000','0.000','0.000'),(35,'0.000','0.000','0.000'),(36,'0.000','0.000','0.000'),(37,'0.000','0.000','0.000'),(38,'0.000','0.000','0.000'),(39,'0.000','0.000','0.000'),(40,'0.000','0.000','0.000'),(41,'0.000','0.000','0.000'),(42,'0.000','0.000','0.000'),(44,'0.000','0.000','0.000'),(45,'0.000','0.000','0.000'),(46,'0.000','0.000','0.000'),(47,'0.000','0.000','0.000'),(48,'0.000','0.000','0.000'),(49,'0.000','0.000','0.000'),(50,'0.000','0.000','0.000'),(51,'0.000','0.000','0.000'),(52,'0.000','0.000','0.000'),(53,'0.000','0.000','0.000'),(54,'0.000','0.000','0.000'),(55,'0.000','0.000','0.000'),(56,'0.000','0.000','0.000'),(57,'0.000','0.000','0.000'),(58,'0.000','0.000','0.000'),(59,'0.000','0.000','0.000'),(60,'0.000','0.000','0.000'),(61,'0.000','0.000','0.000'),(62,'0.000','0.000','0.000'),(63,'0.000','0.000','0.000'),(64,'0.000','0.000','0.000'),(65,'0.000','0.000','0.000'),(66,'0.000','0.000','0.000'),(67,'0.000','0.000','0.000'),(68,'0.000','0.000','0.000'),(69,'0.000','0.000','0.000'),(70,'0.000','0.000','0.000'),(71,'0.000','0.000','0.000'),(72,'0.000','0.000','0.000'),(73,'0.000','0.000','0.000'),(74,'0.000','0.000','0.000'),(75,'0.000','0.000','0.000'),(76,'0.000','0.000','0.000'),(77,'0.000','0.000','0.000'),(78,'0.000','0.000','0.000'),(79,'0.000','0.000','0.000'),(80,'0.000','0.000','0.000'),(81,'0.000','0.000','0.000'),(82,'0.000','0.000','0.000'),(83,'0.000','0.000','0.000'),(84,'0.000','0.000','0.000'),(85,'0.000','0.000','0.000'),(86,'0.000','0.000','0.000'),(87,'0.000','0.000','0.000'),(88,'0.000','0.000','0.000'),(89,'0.000','0.000','0.000'),(90,'0.000','0.000','0.000'),(91,'0.000','0.000','0.000'),(92,'0.000','0.000','0.000'),(93,'0.000','0.000','0.000'),(94,'0.000','0.000','0.000'),(95,'0.000','0.000','0.000'),(96,'30.500','5.550','10.500'),(97,'30.500','30.500','10.500'),(98,'0.000','0.000','0.000'),(99,'0.000','0.000','0.000'),(100,'0.000','0.000','0.000'),(101,'0.000','0.000','0.000'),(102,'0.000','0.000','0.000'),(103,'0.000','0.000','0.000'),(104,'0.000','0.000','0.000'),(105,'0.000','0.000','0.000'),(106,'0.000','0.000','0.000'),(107,'0.000','0.000','0.000'),(108,'0.000','0.000','0.000'),(109,'0.000','0.000','0.000');

/*Table structure for table `redeem_code` */

DROP TABLE IF EXISTS `redeem_code`;

CREATE TABLE `redeem_code` (
  `redeem_code_id` int(11) NOT NULL AUTO_INCREMENT,
  `bet_id` int(11) DEFAULT NULL,
  `redeem_code` int(11) NOT NULL,
  PRIMARY KEY (`redeem_code_id`)
) ENGINE=InnoDB AUTO_INCREMENT=8601 DEFAULT CHARSET=utf8;

/*Data for the table `redeem_code` */

insert  into `redeem_code`(`redeem_code_id`,`bet_id`,`redeem_code`) values (1,1,1),(2,1,2),(3,1,3),(4,1,4),(5,1,5),(6,1,6),(7,1,7),(8,1,8),(9,1,9),(10,1,10),(11,1,11),(12,1,12),(13,1,13),(14,1,14),(15,1,15),(16,1,16),(17,1,17),(18,1,18),(19,1,19),(20,1,20),(21,1,21),(22,1,22),(23,1,23),(24,1,24),(25,1,25),(26,1,26),(27,1,27),(28,1,28),(29,1,29),(30,1,30),(31,1,31),(32,1,32),(33,1,33),(34,1,34),(35,1,35),(36,1,36),(37,1,37),(38,1,38),(39,1,39),(40,1,40),(41,1,41),(42,1,42),(43,1,43),(44,1,44),(45,1,45),(46,1,46),(47,1,47),(48,1,48),(49,1,49),(50,1,50),(51,1,51),(52,1,52),(53,1,53),(54,1,54),(55,1,55),(56,1,56),(57,1,57),(58,1,58),(59,1,59),(60,1,60),(61,1,61),(62,1,62),(63,1,63),(64,1,64),(65,1,65),(66,1,66),(67,1,67),(68,1,68),(69,1,69),(70,1,70),(71,1,71),(72,1,72),(73,1,73),(74,1,74),(75,1,75),(76,1,76),(77,1,77),(78,1,78),(79,1,79),(80,1,80),(81,1,81),(82,1,82),(83,1,83),(84,1,84),(85,1,85),(86,1,86),(87,1,87),(88,1,88),(89,1,89),(90,1,90),(91,1,91),(92,1,92),(93,1,93),(94,1,94),(95,1,95),(96,1,96),(97,1,97),(98,1,98),(99,1,99),(100,1,100),(101,1,101),(102,1,102),(103,1,103),(104,1,104),(105,1,105),(106,1,106),(107,1,107),(108,1,108),(109,1,109),(110,1,110),(111,1,111),(112,1,112),(113,1,113),(114,1,114),(115,1,115),(116,1,116),(117,1,117),(118,1,118),(119,1,119),(120,1,120),(121,1,121),(122,1,122),(123,1,123),(124,1,124),(125,1,125),(126,1,126),(127,1,127),(128,1,128),(129,1,129),(130,1,130),(131,1,131),(132,1,132),(133,1,133),(134,1,134),(135,1,135),(136,1,136),(137,1,137),(138,1,138),(139,1,139),(140,1,140),(141,1,141),(142,1,142),(143,1,143),(144,1,144),(145,1,145),(146,1,146),(147,1,147),(148,1,148),(149,1,149),(150,1,150),(151,1,151),(152,1,152),(153,1,153),(154,1,154),(155,1,155),(156,1,156),(157,1,157),(158,1,158),(159,1,159),(160,1,160),(161,1,161),(162,1,162),(163,1,163),(164,1,164),(165,1,165),(166,1,166),(167,1,167),(168,1,168),(169,1,169),(170,1,170),(171,1,171),(172,1,172),(173,1,173),(174,1,174),(175,1,175),(176,1,176),(177,1,177),(178,1,178),(179,1,179),(180,1,180),(181,1,181),(182,1,182),(183,1,183),(184,1,184),(185,1,185),(186,1,186),(187,1,187),(188,1,188),(189,1,189),(190,1,190),(191,1,191),(192,1,192),(193,1,193),(194,1,194),(195,1,195),(196,1,196),(197,1,197),(198,1,198),(199,1,199),(200,1,200),(201,1,201),(202,1,202),(203,1,203),(204,1,204),(205,1,205),(206,1,206),(207,1,207),(208,1,208),(209,1,209),(210,1,210),(211,1,211),(212,1,212),(213,1,213),(214,1,214),(215,1,215),(216,1,216),(217,1,217),(218,1,218),(219,1,219),(220,1,220),(221,1,221),(222,1,222),(223,1,223),(224,1,224),(225,1,225),(226,1,226),(227,1,227),(228,1,228),(229,1,229),(230,1,230),(231,1,231),(232,1,232),(233,1,233),(234,1,234),(235,1,235),(236,1,236),(237,1,237),(238,1,238),(239,1,239),(240,1,240),(241,1,241),(242,1,242),(243,1,243),(244,1,244),(245,1,245),(246,1,246),(247,1,247),(248,1,248),(249,1,249),(250,1,250),(251,1,251),(252,1,252),(253,1,253),(254,1,254),(255,1,255),(256,1,256),(257,1,257),(258,1,258),(259,1,259),(260,1,260),(261,1,261),(262,1,262),(263,1,263),(264,1,264),(265,1,265),(266,1,266),(267,1,267),(268,1,268),(269,1,269),(270,1,270),(271,1,271),(272,1,272),(273,1,273),(274,1,274),(275,1,275),(276,1,276),(277,1,277),(278,1,278),(279,1,279),(280,1,280),(281,1,281),(282,1,282),(283,1,283),(284,1,284),(285,1,285),(286,1,286),(287,1,287),(288,1,288),(289,1,289),(290,1,290),(291,1,291),(292,1,292),(293,1,293),(294,1,294),(295,1,295),(296,1,296),(297,1,297),(298,1,298),(299,1,299),(300,1,300),(301,1,301),(302,1,302),(303,1,303),(304,1,304),(305,1,305),(306,1,306),(307,1,307),(308,1,308),(309,1,309),(310,1,310),(311,1,311),(312,1,312),(313,1,313),(314,1,314),(315,1,315),(316,1,316),(317,1,317),(318,1,318),(319,1,319),(320,1,320),(321,1,321),(322,1,322),(323,1,323),(324,1,324),(325,1,325),(326,1,326),(327,1,327),(328,1,328),(329,1,329),(330,1,330),(331,1,331),(332,1,332),(333,1,333),(334,1,334),(335,1,335),(336,1,336),(337,1,337),(338,1,338),(339,1,339),(340,1,340),(341,1,341),(342,1,342),(343,1,343),(344,1,344),(345,1,345),(346,1,346),(347,1,347),(348,1,348),(349,1,349),(350,1,350),(351,1,351),(352,1,352),(353,1,353),(354,1,354),(355,1,355),(356,1,356),(357,1,357),(358,1,358),(359,1,359),(360,1,360),(361,1,361),(362,1,362),(363,1,363),(364,1,364),(365,1,365),(366,1,366),(367,1,367),(368,1,368),(369,1,369),(370,1,370),(371,1,371),(372,1,372),(373,1,373),(374,1,374),(375,1,375),(376,1,376),(377,1,377),(378,1,378),(379,1,379),(380,1,380),(381,1,381),(382,1,382),(383,1,383),(384,1,384),(385,1,385),(386,1,386),(387,1,387),(388,1,388),(389,1,389),(390,1,390),(391,1,391),(392,1,392),(393,1,393),(394,1,394),(395,1,395),(396,1,396),(397,1,397),(398,1,398),(399,1,399),(400,1,400),(401,1,401),(402,1,402),(403,1,403),(404,1,404),(405,1,405),(406,1,406),(407,1,407),(408,1,408),(409,1,409),(410,1,410),(411,1,411),(412,1,412),(413,1,413),(414,1,414),(415,1,415),(416,1,416),(417,1,417),(418,1,418),(419,1,419),(420,1,420),(421,1,421),(422,1,422),(423,1,423),(424,1,424),(425,1,425),(426,1,426),(427,1,427),(428,1,428),(429,1,429),(430,1,430),(431,1,431),(432,1,432),(433,1,433),(434,1,434),(435,1,435),(436,1,436),(437,1,437),(438,1,438),(439,1,439),(440,1,440),(441,1,441),(442,1,442),(443,1,443),(444,1,444),(445,1,445),(446,1,446),(447,1,447),(448,1,448),(449,1,449),(450,1,450),(451,1,451),(452,1,452),(453,1,453),(454,1,454),(455,1,455),(456,1,456),(457,1,457),(458,1,458),(459,1,459),(460,1,460),(461,1,461),(462,1,462),(463,1,463),(464,1,464),(465,1,465),(466,1,466),(467,1,467),(468,1,468),(469,1,469),(470,1,470),(471,1,471),(472,1,472),(473,1,473),(474,1,474),(475,1,475),(476,1,476),(477,1,477),(478,1,478),(479,1,479),(480,1,480),(481,1,481),(482,1,482),(483,1,483),(484,1,484),(485,1,485),(486,1,486),(487,1,487),(488,1,488),(489,1,489),(490,1,490),(491,1,491),(492,1,492),(493,1,493),(494,1,494),(495,1,495),(496,1,496),(497,1,497),(498,1,498),(499,1,499),(500,1,500),(501,2,1),(502,2,2),(503,2,3),(504,2,4),(505,2,5),(506,2,6),(507,2,7),(508,2,8),(509,2,9),(510,2,10),(511,2,11),(512,2,12),(513,2,13),(514,2,14),(515,2,15),(516,2,16),(517,2,17),(518,2,18),(519,2,19),(520,2,20),(521,2,21),(522,2,22),(523,2,23),(524,2,24),(525,2,25),(526,2,26),(527,2,27),(528,2,28),(529,2,29),(530,2,30),(531,2,31),(532,2,32),(533,2,33),(534,2,34),(535,2,35),(536,2,36),(537,2,37),(538,2,38),(539,2,39),(540,2,40),(541,2,41),(542,2,42),(543,2,43),(544,2,44),(545,2,45),(546,2,46),(547,2,47),(548,2,48),(549,2,49),(550,2,50),(551,2,51),(552,2,52),(553,2,53),(554,2,54),(555,2,55),(556,2,56),(557,2,57),(558,2,58),(559,2,59),(560,2,60),(561,2,61),(562,2,62),(563,2,63),(564,2,64),(565,2,65),(566,2,66),(567,2,67),(568,2,68),(569,2,69),(570,2,70),(571,2,71),(572,2,72),(573,2,73),(574,2,74),(575,2,75),(576,2,76),(577,2,77),(578,2,78),(579,2,79),(580,2,80),(581,2,81),(582,2,82),(583,2,83),(584,2,84),(585,2,85),(586,2,86),(587,2,87),(588,2,88),(589,2,89),(590,2,90),(591,2,91),(592,2,92),(593,2,93),(594,2,94),(595,2,95),(596,2,96),(597,2,97),(598,2,98),(599,2,99),(600,2,100),(601,2,101),(602,2,102),(603,2,103),(604,2,104),(605,2,105),(606,2,106),(607,2,107),(608,2,108),(609,2,109),(610,2,110),(611,2,111),(612,2,112),(613,2,113),(614,2,114),(615,2,115),(616,2,116),(617,2,117),(618,2,118),(619,2,119),(620,2,120),(621,2,121),(622,2,122),(623,2,123),(624,2,124),(625,2,125),(626,2,126),(627,2,127),(628,2,128),(629,2,129),(630,2,130),(631,2,131),(632,2,132),(633,2,133),(634,2,134),(635,2,135),(636,2,136),(637,2,137),(638,2,138),(639,2,139),(640,2,140),(641,2,141),(642,2,142),(643,2,143),(644,2,144),(645,2,145),(646,2,146),(647,2,147),(648,2,148),(649,2,149),(650,2,150),(651,2,151),(652,2,152),(653,2,153),(654,2,154),(655,2,155),(656,2,156),(657,2,157),(658,2,158),(659,2,159),(660,2,160),(661,2,161),(662,2,162),(663,2,163),(664,2,164),(665,2,165),(666,2,166),(667,2,167),(668,2,168),(669,2,169),(670,2,170),(671,2,171),(672,2,172),(673,2,173),(674,2,174),(675,2,175),(676,2,176),(677,2,177),(678,2,178),(679,2,179),(680,2,180),(681,2,181),(682,2,182),(683,2,183),(684,2,184),(685,2,185),(686,2,186),(687,2,187),(688,2,188),(689,2,189),(690,2,190),(691,2,191),(692,2,192),(693,2,193),(694,2,194),(695,2,195),(696,2,196),(697,2,197),(698,2,198),(699,2,199),(700,2,200),(701,2,201),(702,2,202),(703,2,203),(704,2,204),(705,2,205),(706,2,206),(707,2,207),(708,2,208),(709,2,209),(710,2,210),(711,2,211),(712,2,212),(713,2,213),(714,2,214),(715,2,215),(716,2,216),(717,2,217),(718,2,218),(719,2,219),(720,2,220),(721,2,221),(722,2,222),(723,2,223),(724,2,224),(725,2,225),(726,2,226),(727,2,227),(728,2,228),(729,2,229),(730,2,230),(731,2,231),(732,2,232),(733,2,233),(734,2,234),(735,2,235),(736,2,236),(737,2,237),(738,2,238),(739,2,239),(740,2,240),(741,2,241),(742,2,242),(743,2,243),(744,2,244),(745,2,245),(746,2,246),(747,2,247),(748,2,248),(749,2,249),(750,2,250),(751,2,251),(752,2,252),(753,2,253),(754,2,254),(755,2,255),(756,2,256),(757,2,257),(758,2,258),(759,2,259),(760,2,260),(761,2,261),(762,2,262),(763,2,263),(764,2,264),(765,2,265),(766,2,266),(767,2,267),(768,2,268),(769,2,269),(770,2,270),(771,2,271),(772,2,272),(773,2,273),(774,2,274),(775,2,275),(776,2,276),(777,2,277),(778,2,278),(779,2,279),(780,2,280),(781,2,281),(782,2,282),(783,2,283),(784,2,284),(785,2,285),(786,2,286),(787,2,287),(788,2,288),(789,2,289),(790,2,290),(791,2,291),(792,2,292),(793,2,293),(794,2,294),(795,2,295),(796,2,296),(797,2,297),(798,2,298),(799,2,299),(800,2,300),(801,2,301),(802,2,302),(803,2,303),(804,2,304),(805,2,305),(806,2,306),(807,2,307),(808,2,308),(809,2,309),(810,2,310),(811,2,311),(812,2,312),(813,2,313),(814,2,314),(815,2,315),(816,2,316),(817,2,317),(818,2,318),(819,2,319),(820,2,320),(821,2,321),(822,2,322),(823,2,323),(824,2,324),(825,2,325),(826,2,326),(827,2,327),(828,2,328),(829,2,329),(830,2,330),(831,2,331),(832,2,332),(833,2,333),(834,2,334),(835,2,335),(836,2,336),(837,2,337),(838,2,338),(839,2,339),(840,2,340),(841,2,341),(842,2,342),(843,2,343),(844,2,344),(845,2,345),(846,2,346),(847,2,347),(848,2,348),(849,2,349),(850,2,350),(851,2,351),(852,2,352),(853,2,353),(854,2,354),(855,2,355),(856,2,356),(857,2,357),(858,2,358),(859,2,359),(860,2,360),(861,2,361),(862,2,362),(863,2,363),(864,2,364),(865,2,365),(866,2,366),(867,2,367),(868,2,368),(869,2,369),(870,2,370),(871,2,371),(872,2,372),(873,2,373),(874,2,374),(875,2,375),(876,2,376),(877,2,377),(878,2,378),(879,2,379),(880,2,380),(881,2,381),(882,2,382),(883,2,383),(884,2,384),(885,2,385),(886,2,386),(887,2,387),(888,2,388),(889,2,389),(890,2,390),(891,2,391),(892,2,392),(893,2,393),(894,2,394),(895,2,395),(896,2,396),(897,2,397),(898,2,398),(899,2,399),(900,2,400),(901,2,401),(902,2,402),(903,2,403),(904,2,404),(905,2,405),(906,2,406),(907,2,407),(908,2,408),(909,2,409),(910,2,410),(911,2,411),(912,2,412),(913,2,413),(914,2,414),(915,2,415),(916,2,416),(917,2,417),(918,2,418),(919,2,419),(920,2,420),(921,2,421),(922,2,422),(923,2,423),(924,2,424),(925,2,425),(926,2,426),(927,2,427),(928,2,428),(929,2,429),(930,2,430),(931,2,431),(932,2,432),(933,2,433),(934,2,434),(935,2,435),(936,2,436),(937,2,437),(938,2,438),(939,2,439),(940,2,440),(941,2,441),(942,2,442),(943,2,443),(944,2,444),(945,2,445),(946,2,446),(947,2,447),(948,2,448),(949,2,449),(950,2,450),(951,2,451),(952,2,452),(953,2,453),(954,2,454),(955,2,455),(956,2,456),(957,2,457),(958,2,458),(959,2,459),(960,2,460),(961,2,461),(962,2,462),(963,2,463),(964,2,464),(965,2,465),(966,2,466),(967,2,467),(968,2,468),(969,2,469),(970,2,470),(971,2,471),(972,2,472),(973,2,473),(974,2,474),(975,2,475),(976,2,476),(977,2,477),(978,2,478),(979,2,479),(980,2,480),(981,2,481),(982,2,482),(983,2,483),(984,2,484),(985,2,485),(986,2,486),(987,2,487),(988,2,488),(989,2,489),(990,2,490),(991,2,491),(992,2,492),(993,2,493),(994,2,494),(995,2,495),(996,2,496),(997,2,497),(998,2,498),(999,2,499),(1000,2,500),(1001,3,1),(1002,3,2),(1003,3,3),(1004,3,4),(1005,3,5),(1006,3,6),(1007,3,7),(1008,3,8),(1009,3,9),(1010,3,10),(1011,3,11),(1012,3,12),(1013,3,13),(1014,3,14),(1015,3,15),(1016,3,16),(1017,3,17),(1018,3,18),(1019,3,19),(1020,3,20),(1021,3,21),(1022,3,22),(1023,3,23),(1024,3,24),(1025,3,25),(1026,3,26),(1027,3,27),(1028,3,28),(1029,3,29),(1030,3,30),(1031,3,31),(1032,3,32),(1033,3,33),(1034,3,34),(1035,3,35),(1036,3,36),(1037,3,37),(1038,3,38),(1039,3,39),(1040,3,40),(1041,3,41),(1042,3,42),(1043,3,43),(1044,3,44),(1045,3,45),(1046,3,46),(1047,3,47),(1048,3,48),(1049,3,49),(1050,3,50),(1051,3,51),(1052,3,52),(1053,3,53),(1054,3,54),(1055,3,55),(1056,3,56),(1057,3,57),(1058,3,58),(1059,3,59),(1060,3,60),(1061,3,61),(1062,3,62),(1063,3,63),(1064,3,64),(1065,3,65),(1066,3,66),(1067,3,67),(1068,3,68),(1069,3,69),(1070,3,70),(1071,3,71),(1072,3,72),(1073,3,73),(1074,3,74),(1075,3,75),(1076,3,76),(1077,3,77),(1078,3,78),(1079,3,79),(1080,3,80),(1081,3,81),(1082,3,82),(1083,3,83),(1084,3,84),(1085,3,85),(1086,3,86),(1087,3,87),(1088,3,88),(1089,3,89),(1090,3,90),(1091,3,91),(1092,3,92),(1093,3,93),(1094,3,94),(1095,3,95),(1096,3,96),(1097,3,97),(1098,3,98),(1099,3,99),(1100,3,100),(1101,3,101),(1102,3,102),(1103,3,103),(1104,3,104),(1105,3,105),(1106,3,106),(1107,3,107),(1108,3,108),(1109,3,109),(1110,3,110),(1111,3,111),(1112,3,112),(1113,3,113),(1114,3,114),(1115,3,115),(1116,3,116),(1117,3,117),(1118,3,118),(1119,3,119),(1120,3,120),(1121,3,121),(1122,3,122),(1123,3,123),(1124,3,124),(1125,3,125),(1126,3,126),(1127,3,127),(1128,3,128),(1129,3,129),(1130,3,130),(1131,3,131),(1132,3,132),(1133,3,133),(1134,3,134),(1135,3,135),(1136,3,136),(1137,3,137),(1138,3,138),(1139,3,139),(1140,3,140),(1141,3,141),(1142,3,142),(1143,3,143),(1144,3,144),(1145,3,145),(1146,3,146),(1147,3,147),(1148,3,148),(1149,3,149),(1150,3,150),(1151,3,151),(1152,3,152),(1153,3,153),(1154,3,154),(1155,3,155),(1156,3,156),(1157,3,157),(1158,3,158),(1159,3,159),(1160,3,160),(1161,3,161),(1162,3,162),(1163,3,163),(1164,3,164),(1165,3,165),(1166,3,166),(1167,3,167),(1168,3,168),(1169,3,169),(1170,3,170),(1171,3,171),(1172,3,172),(1173,3,173),(1174,3,174),(1175,3,175),(1176,3,176),(1177,3,177),(1178,3,178),(1179,3,179),(1180,3,180),(1181,3,181),(1182,3,182),(1183,3,183),(1184,3,184),(1185,3,185),(1186,3,186),(1187,3,187),(1188,3,188),(1189,3,189),(1190,3,190),(1191,3,191),(1192,3,192),(1193,3,193),(1194,3,194),(1195,3,195),(1196,3,196),(1197,3,197),(1198,3,198),(1199,3,199),(1200,3,200),(1201,3,201),(1202,3,202),(1203,3,203),(1204,3,204),(1205,3,205),(1206,3,206),(1207,3,207),(1208,3,208),(1209,3,209),(1210,3,210),(1211,3,211),(1212,3,212),(1213,3,213),(1214,3,214),(1215,3,215),(1216,3,216),(1217,3,217),(1218,3,218),(1219,3,219),(1220,3,220),(1221,3,221),(1222,3,222),(1223,3,223),(1224,3,224),(1225,3,225),(1226,3,226),(1227,3,227),(1228,3,228),(1229,3,229),(1230,3,230),(1231,3,231),(1232,3,232),(1233,3,233),(1234,3,234),(1235,3,235),(1236,3,236),(1237,3,237),(1238,3,238),(1239,3,239),(1240,3,240),(1241,3,241),(1242,3,242),(1243,3,243),(1244,3,244),(1245,3,245),(1246,3,246),(1247,3,247),(1248,3,248),(1249,3,249),(1250,3,250),(1251,3,251),(1252,3,252),(1253,3,253),(1254,3,254),(1255,3,255),(1256,3,256),(1257,3,257),(1258,3,258),(1259,3,259),(1260,3,260),(1261,3,261),(1262,3,262),(1263,3,263),(1264,3,264),(1265,3,265),(1266,3,266),(1267,3,267),(1268,3,268),(1269,3,269),(1270,3,270),(1271,3,271),(1272,3,272),(1273,3,273),(1274,3,274),(1275,3,275),(1276,3,276),(1277,3,277),(1278,3,278),(1279,3,279),(1280,3,280),(1281,3,281),(1282,3,282),(1283,3,283),(1284,3,284),(1285,3,285),(1286,3,286),(1287,3,287),(1288,3,288),(1289,3,289),(1290,3,290),(1291,3,291),(1292,3,292),(1293,3,293),(1294,3,294),(1295,3,295),(1296,3,296),(1297,3,297),(1298,3,298),(1299,3,299),(1300,3,300),(1301,3,301),(1302,3,302),(1303,3,303),(1304,3,304),(1305,3,305),(1306,3,306),(1307,3,307),(1308,3,308),(1309,3,309),(1310,3,310),(1311,3,311),(1312,3,312),(1313,3,313),(1314,3,314),(1315,3,315),(1316,3,316),(1317,3,317),(1318,3,318),(1319,3,319),(1320,3,320),(1321,3,321),(1322,3,322),(1323,3,323),(1324,3,324),(1325,3,325),(1326,3,326),(1327,3,327),(1328,3,328),(1329,3,329),(1330,3,330),(1331,3,331),(1332,3,332),(1333,3,333),(1334,3,334),(1335,3,335),(1336,3,336),(1337,3,337),(1338,3,338),(1339,3,339),(1340,3,340),(1341,3,341),(1342,3,342),(1343,3,343),(1344,3,344),(1345,3,345),(1346,3,346),(1347,3,347),(1348,3,348),(1349,3,349),(1350,3,350),(1351,3,351),(1352,3,352),(1353,3,353),(1354,3,354),(1355,3,355),(1356,3,356),(1357,3,357),(1358,3,358),(1359,3,359),(1360,3,360),(1361,3,361),(1362,3,362),(1363,3,363),(1364,3,364),(1365,3,365),(1366,3,366),(1367,3,367),(1368,3,368),(1369,3,369),(1370,3,370),(1371,3,371),(1372,3,372),(1373,3,373),(1374,3,374),(1375,3,375),(1376,3,376),(1377,3,377),(1378,3,378),(1379,3,379),(1380,3,380),(1381,3,381),(1382,3,382),(1383,3,383),(1384,3,384),(1385,3,385),(1386,3,386),(1387,3,387),(1388,3,388),(1389,3,389),(1390,3,390),(1391,3,391),(1392,3,392),(1393,3,393),(1394,3,394),(1395,3,395),(1396,3,396),(1397,3,397),(1398,3,398),(1399,3,399),(1400,3,400),(1401,3,401),(1402,3,402),(1403,3,403),(1404,3,404),(1405,3,405),(1406,3,406),(1407,3,407),(1408,3,408),(1409,3,409),(1410,3,410),(1411,3,411),(1412,3,412),(1413,3,413),(1414,3,414),(1415,3,415),(1416,3,416),(1417,3,417),(1418,3,418),(1419,3,419),(1420,3,420),(1421,3,421),(1422,3,422),(1423,3,423),(1424,3,424),(1425,3,425),(1426,3,426),(1427,3,427),(1428,3,428),(1429,3,429),(1430,3,430),(1431,3,431),(1432,3,432),(1433,3,433),(1434,3,434),(1435,3,435),(1436,3,436),(1437,3,437),(1438,3,438),(1439,3,439),(1440,3,440),(1441,3,441),(1442,3,442),(1443,3,443),(1444,3,444),(1445,3,445),(1446,3,446),(1447,3,447),(1448,3,448),(1449,3,449),(1450,3,450),(1451,3,451),(1452,3,452),(1453,3,453),(1454,3,454),(1455,3,455),(1456,3,456),(1457,3,457),(1458,3,458),(1459,3,459),(1460,3,460),(1461,3,461),(1462,3,462),(1463,3,463),(1464,3,464),(1465,3,465),(1466,3,466),(1467,3,467),(1468,3,468),(1469,3,469),(1470,3,470),(1471,3,471),(1472,3,472),(1473,3,473),(1474,3,474),(1475,3,475),(1476,3,476),(1477,3,477),(1478,3,478),(1479,3,479),(1480,3,480),(1481,3,481),(1482,3,482),(1483,3,483),(1484,3,484),(1485,3,485),(1486,3,486),(1487,3,487),(1488,3,488),(1489,3,489),(1490,3,490),(1491,3,491),(1492,3,492),(1493,3,493),(1494,3,494),(1495,3,495),(1496,3,496),(1497,3,497),(1498,3,498),(1499,3,499),(1500,3,500),(1501,4,1),(1502,4,2),(1503,4,3),(1504,4,4),(1505,4,5),(1506,4,6),(1507,4,7),(1508,4,8),(1509,4,9),(1510,4,10),(1511,4,11),(1512,4,12),(1513,4,13),(1514,4,14),(1515,4,15),(1516,4,16),(1517,4,17),(1518,4,18),(1519,4,19),(1520,4,20),(1521,4,21),(1522,4,22),(1523,4,23),(1524,4,24),(1525,4,25),(1526,4,26),(1527,4,27),(1528,4,28),(1529,4,29),(1530,4,30),(1531,4,31),(1532,4,32),(1533,4,33),(1534,4,34),(1535,4,35),(1536,4,36),(1537,4,37),(1538,4,38),(1539,4,39),(1540,4,40),(1541,4,41),(1542,4,42),(1543,4,43),(1544,4,44),(1545,4,45),(1546,4,46),(1547,4,47),(1548,4,48),(1549,4,49),(1550,4,50),(1551,4,51),(1552,4,52),(1553,4,53),(1554,4,54),(1555,4,55),(1556,4,56),(1557,4,57),(1558,4,58),(1559,4,59),(1560,4,60),(1561,4,61),(1562,4,62),(1563,4,63),(1564,4,64),(1565,4,65),(1566,4,66),(1567,4,67),(1568,4,68),(1569,4,69),(1570,4,70),(1571,4,71),(1572,4,72),(1573,4,73),(1574,4,74),(1575,4,75),(1576,4,76),(1577,4,77),(1578,4,78),(1579,4,79),(1580,4,80),(1581,4,81),(1582,4,82),(1583,4,83),(1584,4,84),(1585,4,85),(1586,4,86),(1587,4,87),(1588,4,88),(1589,4,89),(1590,4,90),(1591,4,91),(1592,4,92),(1593,4,93),(1594,4,94),(1595,4,95),(1596,4,96),(1597,4,97),(1598,4,98),(1599,4,99),(1600,4,100),(1601,5,501),(1602,5,502),(1603,5,503),(1604,5,504),(1605,5,505),(1606,5,506),(1607,5,507),(1608,5,508),(1609,5,509),(1610,5,510),(1611,5,511),(1612,5,512),(1613,5,513),(1614,5,514),(1615,5,515),(1616,5,516),(1617,5,517),(1618,5,518),(1619,5,519),(1620,5,520),(1621,5,521),(1622,5,522),(1623,5,523),(1624,5,524),(1625,5,525),(1626,5,526),(1627,5,527),(1628,5,528),(1629,5,529),(1630,5,530),(1631,5,531),(1632,5,532),(1633,5,533),(1634,5,534),(1635,5,535),(1636,5,536),(1637,5,537),(1638,5,538),(1639,5,539),(1640,5,540),(1641,5,541),(1642,5,542),(1643,5,543),(1644,5,544),(1645,5,545),(1646,5,546),(1647,5,547),(1648,5,548),(1649,5,549),(1650,5,550),(1651,5,551),(1652,5,552),(1653,5,553),(1654,5,554),(1655,5,555),(1656,5,556),(1657,5,557),(1658,5,558),(1659,5,559),(1660,5,560),(1661,5,561),(1662,5,562),(1663,5,563),(1664,5,564),(1665,5,565),(1666,5,566),(1667,5,567),(1668,5,568),(1669,5,569),(1670,5,570),(1671,5,571),(1672,5,572),(1673,5,573),(1674,5,574),(1675,5,575),(1676,5,576),(1677,5,577),(1678,5,578),(1679,5,579),(1680,5,580),(1681,5,581),(1682,5,582),(1683,5,583),(1684,5,584),(1685,5,585),(1686,5,586),(1687,5,587),(1688,5,588),(1689,5,589),(1690,5,590),(1691,5,591),(1692,5,592),(1693,5,593),(1694,5,594),(1695,5,595),(1696,5,596),(1697,5,597),(1698,5,598),(1699,5,599),(1700,5,600),(1701,5,601),(1702,5,602),(1703,5,603),(1704,5,604),(1705,5,605),(1706,5,606),(1707,5,607),(1708,5,608),(1709,5,609),(1710,5,610),(1711,5,611),(1712,5,612),(1713,5,613),(1714,5,614),(1715,5,615),(1716,5,616),(1717,5,617),(1718,5,618),(1719,5,619),(1720,5,620),(1721,5,621),(1722,5,622),(1723,5,623),(1724,5,624),(1725,5,625),(1726,5,626),(1727,5,627),(1728,5,628),(1729,5,629),(1730,5,630),(1731,5,631),(1732,5,632),(1733,5,633),(1734,5,634),(1735,5,635),(1736,5,636),(1737,5,637),(1738,5,638),(1739,5,639),(1740,5,640),(1741,5,641),(1742,5,642),(1743,5,643),(1744,5,644),(1745,5,645),(1746,5,646),(1747,5,647),(1748,5,648),(1749,5,649),(1750,5,650),(1751,5,651),(1752,5,652),(1753,5,653),(1754,5,654),(1755,5,655),(1756,5,656),(1757,5,657),(1758,5,658),(1759,5,659),(1760,5,660),(1761,5,661),(1762,5,662),(1763,5,663),(1764,5,664),(1765,5,665),(1766,5,666),(1767,5,667),(1768,5,668),(1769,5,669),(1770,5,670),(1771,5,671),(1772,5,672),(1773,5,673),(1774,5,674),(1775,5,675),(1776,5,676),(1777,5,677),(1778,5,678),(1779,5,679),(1780,5,680),(1781,5,681),(1782,5,682),(1783,5,683),(1784,5,684),(1785,5,685),(1786,5,686),(1787,5,687),(1788,5,688),(1789,5,689),(1790,5,690),(1791,5,691),(1792,5,692),(1793,5,693),(1794,5,694),(1795,5,695),(1796,5,696),(1797,5,697),(1798,5,698),(1799,5,699),(1800,5,700),(1801,5,701),(1802,5,702),(1803,5,703),(1804,5,704),(1805,5,705),(1806,5,706),(1807,5,707),(1808,5,708),(1809,5,709),(1810,5,710),(1811,5,711),(1812,5,712),(1813,5,713),(1814,5,714),(1815,5,715),(1816,5,716),(1817,5,717),(1818,5,718),(1819,5,719),(1820,5,720),(1821,5,721),(1822,5,722),(1823,5,723),(1824,5,724),(1825,5,725),(1826,5,726),(1827,5,727),(1828,5,728),(1829,5,729),(1830,5,730),(1831,5,731),(1832,5,732),(1833,5,733),(1834,5,734),(1835,5,735),(1836,5,736),(1837,5,737),(1838,5,738),(1839,5,739),(1840,5,740),(1841,5,741),(1842,5,742),(1843,5,743),(1844,5,744),(1845,5,745),(1846,5,746),(1847,5,747),(1848,5,748),(1849,5,749),(1850,5,750),(1851,5,751),(1852,5,752),(1853,5,753),(1854,5,754),(1855,5,755),(1856,5,756),(1857,5,757),(1858,5,758),(1859,5,759),(1860,5,760),(1861,5,761),(1862,5,762),(1863,5,763),(1864,5,764),(1865,5,765),(1866,5,766),(1867,5,767),(1868,5,768),(1869,5,769),(1870,5,770),(1871,5,771),(1872,5,772),(1873,5,773),(1874,5,774),(1875,5,775),(1876,5,776),(1877,5,777),(1878,5,778),(1879,5,779),(1880,5,780),(1881,5,781),(1882,5,782),(1883,5,783),(1884,5,784),(1885,5,785),(1886,5,786),(1887,5,787),(1888,5,788),(1889,5,789),(1890,5,790),(1891,5,791),(1892,5,792),(1893,5,793),(1894,5,794),(1895,5,795),(1896,5,796),(1897,5,797),(1898,5,798),(1899,5,799),(1900,5,800),(1901,5,801),(1902,5,802),(1903,5,803),(1904,5,804),(1905,5,805),(1906,5,806),(1907,5,807),(1908,5,808),(1909,5,809),(1910,5,810),(1911,5,811),(1912,5,812),(1913,5,813),(1914,5,814),(1915,5,815),(1916,5,816),(1917,5,817),(1918,5,818),(1919,5,819),(1920,5,820),(1921,5,821),(1922,5,822),(1923,5,823),(1924,5,824),(1925,5,825),(1926,5,826),(1927,5,827),(1928,5,828),(1929,5,829),(1930,5,830),(1931,5,831),(1932,5,832),(1933,5,833),(1934,5,834),(1935,5,835),(1936,5,836),(1937,5,837),(1938,5,838),(1939,5,839),(1940,5,840),(1941,5,841),(1942,5,842),(1943,5,843),(1944,5,844),(1945,5,845),(1946,5,846),(1947,5,847),(1948,5,848),(1949,5,849),(1950,5,850),(1951,5,851),(1952,5,852),(1953,5,853),(1954,5,854),(1955,5,855),(1956,5,856),(1957,5,857),(1958,5,858),(1959,5,859),(1960,5,860),(1961,5,861),(1962,5,862),(1963,5,863),(1964,5,864),(1965,5,865),(1966,5,866),(1967,5,867),(1968,5,868),(1969,5,869),(1970,5,870),(1971,5,871),(1972,5,872),(1973,5,873),(1974,5,874),(1975,5,875),(1976,5,876),(1977,5,877),(1978,5,878),(1979,5,879),(1980,5,880),(1981,5,881),(1982,5,882),(1983,5,883),(1984,5,884),(1985,5,885),(1986,5,886),(1987,5,887),(1988,5,888),(1989,5,889),(1990,5,890),(1991,5,891),(1992,5,892),(1993,5,893),(1994,5,894),(1995,5,895),(1996,5,896),(1997,5,897),(1998,5,898),(1999,5,899),(2000,5,900),(2001,5,901),(2002,5,902),(2003,5,903),(2004,5,904),(2005,5,905),(2006,5,906),(2007,5,907),(2008,5,908),(2009,5,909),(2010,5,910),(2011,5,911),(2012,5,912),(2013,5,913),(2014,5,914),(2015,5,915),(2016,5,916),(2017,5,917),(2018,5,918),(2019,5,919),(2020,5,920),(2021,5,921),(2022,5,922),(2023,5,923),(2024,5,924),(2025,5,925),(2026,5,926),(2027,5,927),(2028,5,928),(2029,5,929),(2030,5,930),(2031,5,931),(2032,5,932),(2033,5,933),(2034,5,934),(2035,5,935),(2036,5,936),(2037,5,937),(2038,5,938),(2039,5,939),(2040,5,940),(2041,5,941),(2042,5,942),(2043,5,943),(2044,5,944),(2045,5,945),(2046,5,946),(2047,5,947),(2048,5,948),(2049,5,949),(2050,5,950),(2051,5,951),(2052,5,952),(2053,5,953),(2054,5,954),(2055,5,955),(2056,5,956),(2057,5,957),(2058,5,958),(2059,5,959),(2060,5,960),(2061,5,961),(2062,5,962),(2063,5,963),(2064,5,964),(2065,5,965),(2066,5,966),(2067,5,967),(2068,5,968),(2069,5,969),(2070,5,970),(2071,5,971),(2072,5,972),(2073,5,973),(2074,5,974),(2075,5,975),(2076,5,976),(2077,5,977),(2078,5,978),(2079,5,979),(2080,5,980),(2081,5,981),(2082,5,982),(2083,5,983),(2084,5,984),(2085,5,985),(2086,5,986),(2087,5,987),(2088,5,988),(2089,5,989),(2090,5,990),(2091,5,991),(2092,5,992),(2093,5,993),(2094,5,994),(2095,5,995),(2096,5,996),(2097,5,997),(2098,5,998),(2099,5,999),(2100,5,1000),(2101,6,501),(2102,6,502),(2103,6,503),(2104,6,504),(2105,6,505),(2106,6,506),(2107,6,507),(2108,6,508),(2109,6,509),(2110,6,510),(2111,6,511),(2112,6,512),(2113,6,513),(2114,6,514),(2115,6,515),(2116,6,516),(2117,6,517),(2118,6,518),(2119,6,519),(2120,6,520),(2121,6,521),(2122,6,522),(2123,6,523),(2124,6,524),(2125,6,525),(2126,6,526),(2127,6,527),(2128,6,528),(2129,6,529),(2130,6,530),(2131,6,531),(2132,6,532),(2133,6,533),(2134,6,534),(2135,6,535),(2136,6,536),(2137,6,537),(2138,6,538),(2139,6,539),(2140,6,540),(2141,6,541),(2142,6,542),(2143,6,543),(2144,6,544),(2145,6,545),(2146,6,546),(2147,6,547),(2148,6,548),(2149,6,549),(2150,6,550),(2151,6,551),(2152,6,552),(2153,6,553),(2154,6,554),(2155,6,555),(2156,6,556),(2157,6,557),(2158,6,558),(2159,6,559),(2160,6,560),(2161,6,561),(2162,6,562),(2163,6,563),(2164,6,564),(2165,6,565),(2166,6,566),(2167,6,567),(2168,6,568),(2169,6,569),(2170,6,570),(2171,6,571),(2172,6,572),(2173,6,573),(2174,6,574),(2175,6,575),(2176,6,576),(2177,6,577),(2178,6,578),(2179,6,579),(2180,6,580),(2181,6,581),(2182,6,582),(2183,6,583),(2184,6,584),(2185,6,585),(2186,6,586),(2187,6,587),(2188,6,588),(2189,6,589),(2190,6,590),(2191,6,591),(2192,6,592),(2193,6,593),(2194,6,594),(2195,6,595),(2196,6,596),(2197,6,597),(2198,6,598),(2199,6,599),(2200,6,600),(2201,6,601),(2202,6,602),(2203,6,603),(2204,6,604),(2205,6,605),(2206,6,606),(2207,6,607),(2208,6,608),(2209,6,609),(2210,6,610),(2211,6,611),(2212,6,612),(2213,6,613),(2214,6,614),(2215,6,615),(2216,6,616),(2217,6,617),(2218,6,618),(2219,6,619),(2220,6,620),(2221,6,621),(2222,6,622),(2223,6,623),(2224,6,624),(2225,6,625),(2226,6,626),(2227,6,627),(2228,6,628),(2229,6,629),(2230,6,630),(2231,6,631),(2232,6,632),(2233,6,633),(2234,6,634),(2235,6,635),(2236,6,636),(2237,6,637),(2238,6,638),(2239,6,639),(2240,6,640),(2241,6,641),(2242,6,642),(2243,6,643),(2244,6,644),(2245,6,645),(2246,6,646),(2247,6,647),(2248,6,648),(2249,6,649),(2250,6,650),(2251,6,651),(2252,6,652),(2253,6,653),(2254,6,654),(2255,6,655),(2256,6,656),(2257,6,657),(2258,6,658),(2259,6,659),(2260,6,660),(2261,6,661),(2262,6,662),(2263,6,663),(2264,6,664),(2265,6,665),(2266,6,666),(2267,6,667),(2268,6,668),(2269,6,669),(2270,6,670),(2271,6,671),(2272,6,672),(2273,6,673),(2274,6,674),(2275,6,675),(2276,6,676),(2277,6,677),(2278,6,678),(2279,6,679),(2280,6,680),(2281,6,681),(2282,6,682),(2283,6,683),(2284,6,684),(2285,6,685),(2286,6,686),(2287,6,687),(2288,6,688),(2289,6,689),(2290,6,690),(2291,6,691),(2292,6,692),(2293,6,693),(2294,6,694),(2295,6,695),(2296,6,696),(2297,6,697),(2298,6,698),(2299,6,699),(2300,6,700),(2301,6,701),(2302,6,702),(2303,6,703),(2304,6,704),(2305,6,705),(2306,6,706),(2307,6,707),(2308,6,708),(2309,6,709),(2310,6,710),(2311,6,711),(2312,6,712),(2313,6,713),(2314,6,714),(2315,6,715),(2316,6,716),(2317,6,717),(2318,6,718),(2319,6,719),(2320,6,720),(2321,6,721),(2322,6,722),(2323,6,723),(2324,6,724),(2325,6,725),(2326,6,726),(2327,6,727),(2328,6,728),(2329,6,729),(2330,6,730),(2331,6,731),(2332,6,732),(2333,6,733),(2334,6,734),(2335,6,735),(2336,6,736),(2337,6,737),(2338,6,738),(2339,6,739),(2340,6,740),(2341,6,741),(2342,6,742),(2343,6,743),(2344,6,744),(2345,6,745),(2346,6,746),(2347,6,747),(2348,6,748),(2349,6,749),(2350,6,750),(2351,6,751),(2352,6,752),(2353,6,753),(2354,6,754),(2355,6,755),(2356,6,756),(2357,6,757),(2358,6,758),(2359,6,759),(2360,6,760),(2361,6,761),(2362,6,762),(2363,6,763),(2364,6,764),(2365,6,765),(2366,6,766),(2367,6,767),(2368,6,768),(2369,6,769),(2370,6,770),(2371,6,771),(2372,6,772),(2373,6,773),(2374,6,774),(2375,6,775),(2376,6,776),(2377,6,777),(2378,6,778),(2379,6,779),(2380,6,780),(2381,6,781),(2382,6,782),(2383,6,783),(2384,6,784),(2385,6,785),(2386,6,786),(2387,6,787),(2388,6,788),(2389,6,789),(2390,6,790),(2391,6,791),(2392,6,792),(2393,6,793),(2394,6,794),(2395,6,795),(2396,6,796),(2397,6,797),(2398,6,798),(2399,6,799),(2400,6,800),(2401,6,801),(2402,6,802),(2403,6,803),(2404,6,804),(2405,6,805),(2406,6,806),(2407,6,807),(2408,6,808),(2409,6,809),(2410,6,810),(2411,6,811),(2412,6,812),(2413,6,813),(2414,6,814),(2415,6,815),(2416,6,816),(2417,6,817),(2418,6,818),(2419,6,819),(2420,6,820),(2421,6,821),(2422,6,822),(2423,6,823),(2424,6,824),(2425,6,825),(2426,6,826),(2427,6,827),(2428,6,828),(2429,6,829),(2430,6,830),(2431,6,831),(2432,6,832),(2433,6,833),(2434,6,834),(2435,6,835),(2436,6,836),(2437,6,837),(2438,6,838),(2439,6,839),(2440,6,840),(2441,6,841),(2442,6,842),(2443,6,843),(2444,6,844),(2445,6,845),(2446,6,846),(2447,6,847),(2448,6,848),(2449,6,849),(2450,6,850),(2451,6,851),(2452,6,852),(2453,6,853),(2454,6,854),(2455,6,855),(2456,6,856),(2457,6,857),(2458,6,858),(2459,6,859),(2460,6,860),(2461,6,861),(2462,6,862),(2463,6,863),(2464,6,864),(2465,6,865),(2466,6,866),(2467,6,867),(2468,6,868),(2469,6,869),(2470,6,870),(2471,6,871),(2472,6,872),(2473,6,873),(2474,6,874),(2475,6,875),(2476,6,876),(2477,6,877),(2478,6,878),(2479,6,879),(2480,6,880),(2481,6,881),(2482,6,882),(2483,6,883),(2484,6,884),(2485,6,885),(2486,6,886),(2487,6,887),(2488,6,888),(2489,6,889),(2490,6,890),(2491,6,891),(2492,6,892),(2493,6,893),(2494,6,894),(2495,6,895),(2496,6,896),(2497,6,897),(2498,6,898),(2499,6,899),(2500,6,900),(2501,6,901),(2502,6,902),(2503,6,903),(2504,6,904),(2505,6,905),(2506,6,906),(2507,6,907),(2508,6,908),(2509,6,909),(2510,6,910),(2511,6,911),(2512,6,912),(2513,6,913),(2514,6,914),(2515,6,915),(2516,6,916),(2517,6,917),(2518,6,918),(2519,6,919),(2520,6,920),(2521,6,921),(2522,6,922),(2523,6,923),(2524,6,924),(2525,6,925),(2526,6,926),(2527,6,927),(2528,6,928),(2529,6,929),(2530,6,930),(2531,6,931),(2532,6,932),(2533,6,933),(2534,6,934),(2535,6,935),(2536,6,936),(2537,6,937),(2538,6,938),(2539,6,939),(2540,6,940),(2541,6,941),(2542,6,942),(2543,6,943),(2544,6,944),(2545,6,945),(2546,6,946),(2547,6,947),(2548,6,948),(2549,6,949),(2550,6,950),(2551,6,951),(2552,6,952),(2553,6,953),(2554,6,954),(2555,6,955),(2556,6,956),(2557,6,957),(2558,6,958),(2559,6,959),(2560,6,960),(2561,6,961),(2562,6,962),(2563,6,963),(2564,6,964),(2565,6,965),(2566,6,966),(2567,6,967),(2568,6,968),(2569,6,969),(2570,6,970),(2571,6,971),(2572,6,972),(2573,6,973),(2574,6,974),(2575,6,975),(2576,6,976),(2577,6,977),(2578,6,978),(2579,6,979),(2580,6,980),(2581,6,981),(2582,6,982),(2583,6,983),(2584,6,984),(2585,6,985),(2586,6,986),(2587,6,987),(2588,6,988),(2589,6,989),(2590,6,990),(2591,6,991),(2592,6,992),(2593,6,993),(2594,6,994),(2595,6,995),(2596,6,996),(2597,6,997),(2598,6,998),(2599,6,999),(2600,6,1000),(2601,7,501),(2602,7,502),(2603,7,503),(2604,7,504),(2605,7,505),(2606,7,506),(2607,7,507),(2608,7,508),(2609,7,509),(2610,7,510),(2611,7,511),(2612,7,512),(2613,7,513),(2614,7,514),(2615,7,515),(2616,7,516),(2617,7,517),(2618,7,518),(2619,7,519),(2620,7,520),(2621,7,521),(2622,7,522),(2623,7,523),(2624,7,524),(2625,7,525),(2626,7,526),(2627,7,527),(2628,7,528),(2629,7,529),(2630,7,530),(2631,7,531),(2632,7,532),(2633,7,533),(2634,7,534),(2635,7,535),(2636,7,536),(2637,7,537),(2638,7,538),(2639,7,539),(2640,7,540),(2641,7,541),(2642,7,542),(2643,7,543),(2644,7,544),(2645,7,545),(2646,7,546),(2647,7,547),(2648,7,548),(2649,7,549),(2650,7,550),(2651,7,551),(2652,7,552),(2653,7,553),(2654,7,554),(2655,7,555),(2656,7,556),(2657,7,557),(2658,7,558),(2659,7,559),(2660,7,560),(2661,7,561),(2662,7,562),(2663,7,563),(2664,7,564),(2665,7,565),(2666,7,566),(2667,7,567),(2668,7,568),(2669,7,569),(2670,7,570),(2671,7,571),(2672,7,572),(2673,7,573),(2674,7,574),(2675,7,575),(2676,7,576),(2677,7,577),(2678,7,578),(2679,7,579),(2680,7,580),(2681,7,581),(2682,7,582),(2683,7,583),(2684,7,584),(2685,7,585),(2686,7,586),(2687,7,587),(2688,7,588),(2689,7,589),(2690,7,590),(2691,7,591),(2692,7,592),(2693,7,593),(2694,7,594),(2695,7,595),(2696,7,596),(2697,7,597),(2698,7,598),(2699,7,599),(2700,7,600),(2701,7,601),(2702,7,602),(2703,7,603),(2704,7,604),(2705,7,605),(2706,7,606),(2707,7,607),(2708,7,608),(2709,7,609),(2710,7,610),(2711,7,611),(2712,7,612),(2713,7,613),(2714,7,614),(2715,7,615),(2716,7,616),(2717,7,617),(2718,7,618),(2719,7,619),(2720,7,620),(2721,7,621),(2722,7,622),(2723,7,623),(2724,7,624),(2725,7,625),(2726,7,626),(2727,7,627),(2728,7,628),(2729,7,629),(2730,7,630),(2731,7,631),(2732,7,632),(2733,7,633),(2734,7,634),(2735,7,635),(2736,7,636),(2737,7,637),(2738,7,638),(2739,7,639),(2740,7,640),(2741,7,641),(2742,7,642),(2743,7,643),(2744,7,644),(2745,7,645),(2746,7,646),(2747,7,647),(2748,7,648),(2749,7,649),(2750,7,650),(2751,7,651),(2752,7,652),(2753,7,653),(2754,7,654),(2755,7,655),(2756,7,656),(2757,7,657),(2758,7,658),(2759,7,659),(2760,7,660),(2761,7,661),(2762,7,662),(2763,7,663),(2764,7,664),(2765,7,665),(2766,7,666),(2767,7,667),(2768,7,668),(2769,7,669),(2770,7,670),(2771,7,671),(2772,7,672),(2773,7,673),(2774,7,674),(2775,7,675),(2776,7,676),(2777,7,677),(2778,7,678),(2779,7,679),(2780,7,680),(2781,7,681),(2782,7,682),(2783,7,683),(2784,7,684),(2785,7,685),(2786,7,686),(2787,7,687),(2788,7,688),(2789,7,689),(2790,7,690),(2791,7,691),(2792,7,692),(2793,7,693),(2794,7,694),(2795,7,695),(2796,7,696),(2797,7,697),(2798,7,698),(2799,7,699),(2800,7,700),(2801,7,701),(2802,7,702),(2803,7,703),(2804,7,704),(2805,7,705),(2806,7,706),(2807,7,707),(2808,7,708),(2809,7,709),(2810,7,710),(2811,7,711),(2812,7,712),(2813,7,713),(2814,7,714),(2815,7,715),(2816,7,716),(2817,7,717),(2818,7,718),(2819,7,719),(2820,7,720),(2821,7,721),(2822,7,722),(2823,7,723),(2824,7,724),(2825,7,725),(2826,7,726),(2827,7,727),(2828,7,728),(2829,7,729),(2830,7,730),(2831,7,731),(2832,7,732),(2833,7,733),(2834,7,734),(2835,7,735),(2836,7,736),(2837,7,737),(2838,7,738),(2839,7,739),(2840,7,740),(2841,7,741),(2842,7,742),(2843,7,743),(2844,7,744),(2845,7,745),(2846,7,746),(2847,7,747),(2848,7,748),(2849,7,749),(2850,7,750),(2851,7,751),(2852,7,752),(2853,7,753),(2854,7,754),(2855,7,755),(2856,7,756),(2857,7,757),(2858,7,758),(2859,7,759),(2860,7,760),(2861,7,761),(2862,7,762),(2863,7,763),(2864,7,764),(2865,7,765),(2866,7,766),(2867,7,767),(2868,7,768),(2869,7,769),(2870,7,770),(2871,7,771),(2872,7,772),(2873,7,773),(2874,7,774),(2875,7,775),(2876,7,776),(2877,7,777),(2878,7,778),(2879,7,779),(2880,7,780),(2881,7,781),(2882,7,782),(2883,7,783),(2884,7,784),(2885,7,785),(2886,7,786),(2887,7,787),(2888,7,788),(2889,7,789),(2890,7,790),(2891,7,791),(2892,7,792),(2893,7,793),(2894,7,794),(2895,7,795),(2896,7,796),(2897,7,797),(2898,7,798),(2899,7,799),(2900,7,800),(2901,7,801),(2902,7,802),(2903,7,803),(2904,7,804),(2905,7,805),(2906,7,806),(2907,7,807),(2908,7,808),(2909,7,809),(2910,7,810),(2911,7,811),(2912,7,812),(2913,7,813),(2914,7,814),(2915,7,815),(2916,7,816),(2917,7,817),(2918,7,818),(2919,7,819),(2920,7,820),(2921,7,821),(2922,7,822),(2923,7,823),(2924,7,824),(2925,7,825),(2926,7,826),(2927,7,827),(2928,7,828),(2929,7,829),(2930,7,830),(2931,7,831),(2932,7,832),(2933,7,833),(2934,7,834),(2935,7,835),(2936,7,836),(2937,7,837),(2938,7,838),(2939,7,839),(2940,7,840),(2941,7,841),(2942,7,842),(2943,7,843),(2944,7,844),(2945,7,845),(2946,7,846),(2947,7,847),(2948,7,848),(2949,7,849),(2950,7,850),(2951,7,851),(2952,7,852),(2953,7,853),(2954,7,854),(2955,7,855),(2956,7,856),(2957,7,857),(2958,7,858),(2959,7,859),(2960,7,860),(2961,7,861),(2962,7,862),(2963,7,863),(2964,7,864),(2965,7,865),(2966,7,866),(2967,7,867),(2968,7,868),(2969,7,869),(2970,7,870),(2971,7,871),(2972,7,872),(2973,7,873),(2974,7,874),(2975,7,875),(2976,7,876),(2977,7,877),(2978,7,878),(2979,7,879),(2980,7,880),(2981,7,881),(2982,7,882),(2983,7,883),(2984,7,884),(2985,7,885),(2986,7,886),(2987,7,887),(2988,7,888),(2989,7,889),(2990,7,890),(2991,7,891),(2992,7,892),(2993,7,893),(2994,7,894),(2995,7,895),(2996,7,896),(2997,7,897),(2998,7,898),(2999,7,899),(3000,7,900),(3001,7,901),(3002,7,902),(3003,7,903),(3004,7,904),(3005,7,905),(3006,7,906),(3007,7,907),(3008,7,908),(3009,7,909),(3010,7,910),(3011,7,911),(3012,7,912),(3013,7,913),(3014,7,914),(3015,7,915),(3016,7,916),(3017,7,917),(3018,7,918),(3019,7,919),(3020,7,920),(3021,7,921),(3022,7,922),(3023,7,923),(3024,7,924),(3025,7,925),(3026,7,926),(3027,7,927),(3028,7,928),(3029,7,929),(3030,7,930),(3031,7,931),(3032,7,932),(3033,7,933),(3034,7,934),(3035,7,935),(3036,7,936),(3037,7,937),(3038,7,938),(3039,7,939),(3040,7,940),(3041,7,941),(3042,7,942),(3043,7,943),(3044,7,944),(3045,7,945),(3046,7,946),(3047,7,947),(3048,7,948),(3049,7,949),(3050,7,950),(3051,7,951),(3052,7,952),(3053,7,953),(3054,7,954),(3055,7,955),(3056,7,956),(3057,7,957),(3058,7,958),(3059,7,959),(3060,7,960),(3061,7,961),(3062,7,962),(3063,7,963),(3064,7,964),(3065,7,965),(3066,7,966),(3067,7,967),(3068,7,968),(3069,7,969),(3070,7,970),(3071,7,971),(3072,7,972),(3073,7,973),(3074,7,974),(3075,7,975),(3076,7,976),(3077,7,977),(3078,7,978),(3079,7,979),(3080,7,980),(3081,7,981),(3082,7,982),(3083,7,983),(3084,7,984),(3085,7,985),(3086,7,986),(3087,7,987),(3088,7,988),(3089,7,989),(3090,7,990),(3091,7,991),(3092,7,992),(3093,7,993),(3094,7,994),(3095,7,995),(3096,7,996),(3097,7,997),(3098,7,998),(3099,7,999),(3100,7,1000),(3101,8,1001),(3102,8,1002),(3103,8,1003),(3104,8,1004),(3105,8,1005),(3106,8,1006),(3107,8,1007),(3108,8,1008),(3109,8,1009),(3110,8,1010),(3111,8,1011),(3112,8,1012),(3113,8,1013),(3114,8,1014),(3115,8,1015),(3116,8,1016),(3117,8,1017),(3118,8,1018),(3119,8,1019),(3120,8,1020),(3121,8,1021),(3122,8,1022),(3123,8,1023),(3124,8,1024),(3125,8,1025),(3126,8,1026),(3127,8,1027),(3128,8,1028),(3129,8,1029),(3130,8,1030),(3131,8,1031),(3132,8,1032),(3133,8,1033),(3134,8,1034),(3135,8,1035),(3136,8,1036),(3137,8,1037),(3138,8,1038),(3139,8,1039),(3140,8,1040),(3141,8,1041),(3142,8,1042),(3143,8,1043),(3144,8,1044),(3145,8,1045),(3146,8,1046),(3147,8,1047),(3148,8,1048),(3149,8,1049),(3150,8,1050),(3151,8,1051),(3152,8,1052),(3153,8,1053),(3154,8,1054),(3155,8,1055),(3156,8,1056),(3157,8,1057),(3158,8,1058),(3159,8,1059),(3160,8,1060),(3161,8,1061),(3162,8,1062),(3163,8,1063),(3164,8,1064),(3165,8,1065),(3166,8,1066),(3167,8,1067),(3168,8,1068),(3169,8,1069),(3170,8,1070),(3171,8,1071),(3172,8,1072),(3173,8,1073),(3174,8,1074),(3175,8,1075),(3176,8,1076),(3177,8,1077),(3178,8,1078),(3179,8,1079),(3180,8,1080),(3181,8,1081),(3182,8,1082),(3183,8,1083),(3184,8,1084),(3185,8,1085),(3186,8,1086),(3187,8,1087),(3188,8,1088),(3189,8,1089),(3190,8,1090),(3191,8,1091),(3192,8,1092),(3193,8,1093),(3194,8,1094),(3195,8,1095),(3196,8,1096),(3197,8,1097),(3198,8,1098),(3199,8,1099),(3200,8,1100),(3201,8,1101),(3202,8,1102),(3203,8,1103),(3204,8,1104),(3205,8,1105),(3206,8,1106),(3207,8,1107),(3208,8,1108),(3209,8,1109),(3210,8,1110),(3211,8,1111),(3212,8,1112),(3213,8,1113),(3214,8,1114),(3215,8,1115),(3216,8,1116),(3217,8,1117),(3218,8,1118),(3219,8,1119),(3220,8,1120),(3221,8,1121),(3222,8,1122),(3223,8,1123),(3224,8,1124),(3225,8,1125),(3226,8,1126),(3227,8,1127),(3228,8,1128),(3229,8,1129),(3230,8,1130),(3231,8,1131),(3232,8,1132),(3233,8,1133),(3234,8,1134),(3235,8,1135),(3236,8,1136),(3237,8,1137),(3238,8,1138),(3239,8,1139),(3240,8,1140),(3241,8,1141),(3242,8,1142),(3243,8,1143),(3244,8,1144),(3245,8,1145),(3246,8,1146),(3247,8,1147),(3248,8,1148),(3249,8,1149),(3250,8,1150),(3251,8,1151),(3252,8,1152),(3253,8,1153),(3254,8,1154),(3255,8,1155),(3256,8,1156),(3257,8,1157),(3258,8,1158),(3259,8,1159),(3260,8,1160),(3261,8,1161),(3262,8,1162),(3263,8,1163),(3264,8,1164),(3265,8,1165),(3266,8,1166),(3267,8,1167),(3268,8,1168),(3269,8,1169),(3270,8,1170),(3271,8,1171),(3272,8,1172),(3273,8,1173),(3274,8,1174),(3275,8,1175),(3276,8,1176),(3277,8,1177),(3278,8,1178),(3279,8,1179),(3280,8,1180),(3281,8,1181),(3282,8,1182),(3283,8,1183),(3284,8,1184),(3285,8,1185),(3286,8,1186),(3287,8,1187),(3288,8,1188),(3289,8,1189),(3290,8,1190),(3291,8,1191),(3292,8,1192),(3293,8,1193),(3294,8,1194),(3295,8,1195),(3296,8,1196),(3297,8,1197),(3298,8,1198),(3299,8,1199),(3300,8,1200),(3301,8,1201),(3302,8,1202),(3303,8,1203),(3304,8,1204),(3305,8,1205),(3306,8,1206),(3307,8,1207),(3308,8,1208),(3309,8,1209),(3310,8,1210),(3311,8,1211),(3312,8,1212),(3313,8,1213),(3314,8,1214),(3315,8,1215),(3316,8,1216),(3317,8,1217),(3318,8,1218),(3319,8,1219),(3320,8,1220),(3321,8,1221),(3322,8,1222),(3323,8,1223),(3324,8,1224),(3325,8,1225),(3326,8,1226),(3327,8,1227),(3328,8,1228),(3329,8,1229),(3330,8,1230),(3331,8,1231),(3332,8,1232),(3333,8,1233),(3334,8,1234),(3335,8,1235),(3336,8,1236),(3337,8,1237),(3338,8,1238),(3339,8,1239),(3340,8,1240),(3341,8,1241),(3342,8,1242),(3343,8,1243),(3344,8,1244),(3345,8,1245),(3346,8,1246),(3347,8,1247),(3348,8,1248),(3349,8,1249),(3350,8,1250),(3351,8,1251),(3352,8,1252),(3353,8,1253),(3354,8,1254),(3355,8,1255),(3356,8,1256),(3357,8,1257),(3358,8,1258),(3359,8,1259),(3360,8,1260),(3361,8,1261),(3362,8,1262),(3363,8,1263),(3364,8,1264),(3365,8,1265),(3366,8,1266),(3367,8,1267),(3368,8,1268),(3369,8,1269),(3370,8,1270),(3371,8,1271),(3372,8,1272),(3373,8,1273),(3374,8,1274),(3375,8,1275),(3376,8,1276),(3377,8,1277),(3378,8,1278),(3379,8,1279),(3380,8,1280),(3381,8,1281),(3382,8,1282),(3383,8,1283),(3384,8,1284),(3385,8,1285),(3386,8,1286),(3387,8,1287),(3388,8,1288),(3389,8,1289),(3390,8,1290),(3391,8,1291),(3392,8,1292),(3393,8,1293),(3394,8,1294),(3395,8,1295),(3396,8,1296),(3397,8,1297),(3398,8,1298),(3399,8,1299),(3400,8,1300),(3401,8,1301),(3402,8,1302),(3403,8,1303),(3404,8,1304),(3405,8,1305),(3406,8,1306),(3407,8,1307),(3408,8,1308),(3409,8,1309),(3410,8,1310),(3411,8,1311),(3412,8,1312),(3413,8,1313),(3414,8,1314),(3415,8,1315),(3416,8,1316),(3417,8,1317),(3418,8,1318),(3419,8,1319),(3420,8,1320),(3421,8,1321),(3422,8,1322),(3423,8,1323),(3424,8,1324),(3425,8,1325),(3426,8,1326),(3427,8,1327),(3428,8,1328),(3429,8,1329),(3430,8,1330),(3431,8,1331),(3432,8,1332),(3433,8,1333),(3434,8,1334),(3435,8,1335),(3436,8,1336),(3437,8,1337),(3438,8,1338),(3439,8,1339),(3440,8,1340),(3441,8,1341),(3442,8,1342),(3443,8,1343),(3444,8,1344),(3445,8,1345),(3446,8,1346),(3447,8,1347),(3448,8,1348),(3449,8,1349),(3450,8,1350),(3451,8,1351),(3452,8,1352),(3453,8,1353),(3454,8,1354),(3455,8,1355),(3456,8,1356),(3457,8,1357),(3458,8,1358),(3459,8,1359),(3460,8,1360),(3461,8,1361),(3462,8,1362),(3463,8,1363),(3464,8,1364),(3465,8,1365),(3466,8,1366),(3467,8,1367),(3468,8,1368),(3469,8,1369),(3470,8,1370),(3471,8,1371),(3472,8,1372),(3473,8,1373),(3474,8,1374),(3475,8,1375),(3476,8,1376),(3477,8,1377),(3478,8,1378),(3479,8,1379),(3480,8,1380),(3481,8,1381),(3482,8,1382),(3483,8,1383),(3484,8,1384),(3485,8,1385),(3486,8,1386),(3487,8,1387),(3488,8,1388),(3489,8,1389),(3490,8,1390),(3491,8,1391),(3492,8,1392),(3493,8,1393),(3494,8,1394),(3495,8,1395),(3496,8,1396),(3497,8,1397),(3498,8,1398),(3499,8,1399),(3500,8,1400),(3501,8,1401),(3502,8,1402),(3503,8,1403),(3504,8,1404),(3505,8,1405),(3506,8,1406),(3507,8,1407),(3508,8,1408),(3509,8,1409),(3510,8,1410),(3511,8,1411),(3512,8,1412),(3513,8,1413),(3514,8,1414),(3515,8,1415),(3516,8,1416),(3517,8,1417),(3518,8,1418),(3519,8,1419),(3520,8,1420),(3521,8,1421),(3522,8,1422),(3523,8,1423),(3524,8,1424),(3525,8,1425),(3526,8,1426),(3527,8,1427),(3528,8,1428),(3529,8,1429),(3530,8,1430),(3531,8,1431),(3532,8,1432),(3533,8,1433),(3534,8,1434),(3535,8,1435),(3536,8,1436),(3537,8,1437),(3538,8,1438),(3539,8,1439),(3540,8,1440),(3541,8,1441),(3542,8,1442),(3543,8,1443),(3544,8,1444),(3545,8,1445),(3546,8,1446),(3547,8,1447),(3548,8,1448),(3549,8,1449),(3550,8,1450),(3551,8,1451),(3552,8,1452),(3553,8,1453),(3554,8,1454),(3555,8,1455),(3556,8,1456),(3557,8,1457),(3558,8,1458),(3559,8,1459),(3560,8,1460),(3561,8,1461),(3562,8,1462),(3563,8,1463),(3564,8,1464),(3565,8,1465),(3566,8,1466),(3567,8,1467),(3568,8,1468),(3569,8,1469),(3570,8,1470),(3571,8,1471),(3572,8,1472),(3573,8,1473),(3574,8,1474),(3575,8,1475),(3576,8,1476),(3577,8,1477),(3578,8,1478),(3579,8,1479),(3580,8,1480),(3581,8,1481),(3582,8,1482),(3583,8,1483),(3584,8,1484),(3585,8,1485),(3586,8,1486),(3587,8,1487),(3588,8,1488),(3589,8,1489),(3590,8,1490),(3591,8,1491),(3592,8,1492),(3593,8,1493),(3594,8,1494),(3595,8,1495),(3596,8,1496),(3597,8,1497),(3598,8,1498),(3599,8,1499),(3600,8,1500),(3601,9,1001),(3602,9,1002),(3603,9,1003),(3604,9,1004),(3605,9,1005),(3606,9,1006),(3607,9,1007),(3608,9,1008),(3609,9,1009),(3610,9,1010),(3611,9,1011),(3612,9,1012),(3613,9,1013),(3614,9,1014),(3615,9,1015),(3616,9,1016),(3617,9,1017),(3618,9,1018),(3619,9,1019),(3620,9,1020),(3621,9,1021),(3622,9,1022),(3623,9,1023),(3624,9,1024),(3625,9,1025),(3626,9,1026),(3627,9,1027),(3628,9,1028),(3629,9,1029),(3630,9,1030),(3631,9,1031),(3632,9,1032),(3633,9,1033),(3634,9,1034),(3635,9,1035),(3636,9,1036),(3637,9,1037),(3638,9,1038),(3639,9,1039),(3640,9,1040),(3641,9,1041),(3642,9,1042),(3643,9,1043),(3644,9,1044),(3645,9,1045),(3646,9,1046),(3647,9,1047),(3648,9,1048),(3649,9,1049),(3650,9,1050),(3651,9,1051),(3652,9,1052),(3653,9,1053),(3654,9,1054),(3655,9,1055),(3656,9,1056),(3657,9,1057),(3658,9,1058),(3659,9,1059),(3660,9,1060),(3661,9,1061),(3662,9,1062),(3663,9,1063),(3664,9,1064),(3665,9,1065),(3666,9,1066),(3667,9,1067),(3668,9,1068),(3669,9,1069),(3670,9,1070),(3671,9,1071),(3672,9,1072),(3673,9,1073),(3674,9,1074),(3675,9,1075),(3676,9,1076),(3677,9,1077),(3678,9,1078),(3679,9,1079),(3680,9,1080),(3681,9,1081),(3682,9,1082),(3683,9,1083),(3684,9,1084),(3685,9,1085),(3686,9,1086),(3687,9,1087),(3688,9,1088),(3689,9,1089),(3690,9,1090),(3691,9,1091),(3692,9,1092),(3693,9,1093),(3694,9,1094),(3695,9,1095),(3696,9,1096),(3697,9,1097),(3698,9,1098),(3699,9,1099),(3700,9,1100),(3701,9,1101),(3702,9,1102),(3703,9,1103),(3704,9,1104),(3705,9,1105),(3706,9,1106),(3707,9,1107),(3708,9,1108),(3709,9,1109),(3710,9,1110),(3711,9,1111),(3712,9,1112),(3713,9,1113),(3714,9,1114),(3715,9,1115),(3716,9,1116),(3717,9,1117),(3718,9,1118),(3719,9,1119),(3720,9,1120),(3721,9,1121),(3722,9,1122),(3723,9,1123),(3724,9,1124),(3725,9,1125),(3726,9,1126),(3727,9,1127),(3728,9,1128),(3729,9,1129),(3730,9,1130),(3731,9,1131),(3732,9,1132),(3733,9,1133),(3734,9,1134),(3735,9,1135),(3736,9,1136),(3737,9,1137),(3738,9,1138),(3739,9,1139),(3740,9,1140),(3741,9,1141),(3742,9,1142),(3743,9,1143),(3744,9,1144),(3745,9,1145),(3746,9,1146),(3747,9,1147),(3748,9,1148),(3749,9,1149),(3750,9,1150),(3751,9,1151),(3752,9,1152),(3753,9,1153),(3754,9,1154),(3755,9,1155),(3756,9,1156),(3757,9,1157),(3758,9,1158),(3759,9,1159),(3760,9,1160),(3761,9,1161),(3762,9,1162),(3763,9,1163),(3764,9,1164),(3765,9,1165),(3766,9,1166),(3767,9,1167),(3768,9,1168),(3769,9,1169),(3770,9,1170),(3771,9,1171),(3772,9,1172),(3773,9,1173),(3774,9,1174),(3775,9,1175),(3776,9,1176),(3777,9,1177),(3778,9,1178),(3779,9,1179),(3780,9,1180),(3781,9,1181),(3782,9,1182),(3783,9,1183),(3784,9,1184),(3785,9,1185),(3786,9,1186),(3787,9,1187),(3788,9,1188),(3789,9,1189),(3790,9,1190),(3791,9,1191),(3792,9,1192),(3793,9,1193),(3794,9,1194),(3795,9,1195),(3796,9,1196),(3797,9,1197),(3798,9,1198),(3799,9,1199),(3800,9,1200),(3801,9,1201),(3802,9,1202),(3803,9,1203),(3804,9,1204),(3805,9,1205),(3806,9,1206),(3807,9,1207),(3808,9,1208),(3809,9,1209),(3810,9,1210),(3811,9,1211),(3812,9,1212),(3813,9,1213),(3814,9,1214),(3815,9,1215),(3816,9,1216),(3817,9,1217),(3818,9,1218),(3819,9,1219),(3820,9,1220),(3821,9,1221),(3822,9,1222),(3823,9,1223),(3824,9,1224),(3825,9,1225),(3826,9,1226),(3827,9,1227),(3828,9,1228),(3829,9,1229),(3830,9,1230),(3831,9,1231),(3832,9,1232),(3833,9,1233),(3834,9,1234),(3835,9,1235),(3836,9,1236),(3837,9,1237),(3838,9,1238),(3839,9,1239),(3840,9,1240),(3841,9,1241),(3842,9,1242),(3843,9,1243),(3844,9,1244),(3845,9,1245),(3846,9,1246),(3847,9,1247),(3848,9,1248),(3849,9,1249),(3850,9,1250),(3851,9,1251),(3852,9,1252),(3853,9,1253),(3854,9,1254),(3855,9,1255),(3856,9,1256),(3857,9,1257),(3858,9,1258),(3859,9,1259),(3860,9,1260),(3861,9,1261),(3862,9,1262),(3863,9,1263),(3864,9,1264),(3865,9,1265),(3866,9,1266),(3867,9,1267),(3868,9,1268),(3869,9,1269),(3870,9,1270),(3871,9,1271),(3872,9,1272),(3873,9,1273),(3874,9,1274),(3875,9,1275),(3876,9,1276),(3877,9,1277),(3878,9,1278),(3879,9,1279),(3880,9,1280),(3881,9,1281),(3882,9,1282),(3883,9,1283),(3884,9,1284),(3885,9,1285),(3886,9,1286),(3887,9,1287),(3888,9,1288),(3889,9,1289),(3890,9,1290),(3891,9,1291),(3892,9,1292),(3893,9,1293),(3894,9,1294),(3895,9,1295),(3896,9,1296),(3897,9,1297),(3898,9,1298),(3899,9,1299),(3900,9,1300),(3901,9,1301),(3902,9,1302),(3903,9,1303),(3904,9,1304),(3905,9,1305),(3906,9,1306),(3907,9,1307),(3908,9,1308),(3909,9,1309),(3910,9,1310),(3911,9,1311),(3912,9,1312),(3913,9,1313),(3914,9,1314),(3915,9,1315),(3916,9,1316),(3917,9,1317),(3918,9,1318),(3919,9,1319),(3920,9,1320),(3921,9,1321),(3922,9,1322),(3923,9,1323),(3924,9,1324),(3925,9,1325),(3926,9,1326),(3927,9,1327),(3928,9,1328),(3929,9,1329),(3930,9,1330),(3931,9,1331),(3932,9,1332),(3933,9,1333),(3934,9,1334),(3935,9,1335),(3936,9,1336),(3937,9,1337),(3938,9,1338),(3939,9,1339),(3940,9,1340),(3941,9,1341),(3942,9,1342),(3943,9,1343),(3944,9,1344),(3945,9,1345),(3946,9,1346),(3947,9,1347),(3948,9,1348),(3949,9,1349),(3950,9,1350),(3951,9,1351),(3952,9,1352),(3953,9,1353),(3954,9,1354),(3955,9,1355),(3956,9,1356),(3957,9,1357),(3958,9,1358),(3959,9,1359),(3960,9,1360),(3961,9,1361),(3962,9,1362),(3963,9,1363),(3964,9,1364),(3965,9,1365),(3966,9,1366),(3967,9,1367),(3968,9,1368),(3969,9,1369),(3970,9,1370),(3971,9,1371),(3972,9,1372),(3973,9,1373),(3974,9,1374),(3975,9,1375),(3976,9,1376),(3977,9,1377),(3978,9,1378),(3979,9,1379),(3980,9,1380),(3981,9,1381),(3982,9,1382),(3983,9,1383),(3984,9,1384),(3985,9,1385),(3986,9,1386),(3987,9,1387),(3988,9,1388),(3989,9,1389),(3990,9,1390),(3991,9,1391),(3992,9,1392),(3993,9,1393),(3994,9,1394),(3995,9,1395),(3996,9,1396),(3997,9,1397),(3998,9,1398),(3999,9,1399),(4000,9,1400),(4001,9,1401),(4002,9,1402),(4003,9,1403),(4004,9,1404),(4005,9,1405),(4006,9,1406),(4007,9,1407),(4008,9,1408),(4009,9,1409),(4010,9,1410),(4011,9,1411),(4012,9,1412),(4013,9,1413),(4014,9,1414),(4015,9,1415),(4016,9,1416),(4017,9,1417),(4018,9,1418),(4019,9,1419),(4020,9,1420),(4021,9,1421),(4022,9,1422),(4023,9,1423),(4024,9,1424),(4025,9,1425),(4026,9,1426),(4027,9,1427),(4028,9,1428),(4029,9,1429),(4030,9,1430),(4031,9,1431),(4032,9,1432),(4033,9,1433),(4034,9,1434),(4035,9,1435),(4036,9,1436),(4037,9,1437),(4038,9,1438),(4039,9,1439),(4040,9,1440),(4041,9,1441),(4042,9,1442),(4043,9,1443),(4044,9,1444),(4045,9,1445),(4046,9,1446),(4047,9,1447),(4048,9,1448),(4049,9,1449),(4050,9,1450),(4051,9,1451),(4052,9,1452),(4053,9,1453),(4054,9,1454),(4055,9,1455),(4056,9,1456),(4057,9,1457),(4058,9,1458),(4059,9,1459),(4060,9,1460),(4061,9,1461),(4062,9,1462),(4063,9,1463),(4064,9,1464),(4065,9,1465),(4066,9,1466),(4067,9,1467),(4068,9,1468),(4069,9,1469),(4070,9,1470),(4071,9,1471),(4072,9,1472),(4073,9,1473),(4074,9,1474),(4075,9,1475),(4076,9,1476),(4077,9,1477),(4078,9,1478),(4079,9,1479),(4080,9,1480),(4081,9,1481),(4082,9,1482),(4083,9,1483),(4084,9,1484),(4085,9,1485),(4086,9,1486),(4087,9,1487),(4088,9,1488),(4089,9,1489),(4090,9,1490),(4091,9,1491),(4092,9,1492),(4093,9,1493),(4094,9,1494),(4095,9,1495),(4096,9,1496),(4097,9,1497),(4098,9,1498),(4099,9,1499),(4100,9,1500),(4101,10,1501),(4102,10,1502),(4103,10,1503),(4104,10,1504),(4105,10,1505),(4106,10,1506),(4107,10,1507),(4108,10,1508),(4109,10,1509),(4110,10,1510),(4111,10,1511),(4112,10,1512),(4113,10,1513),(4114,10,1514),(4115,10,1515),(4116,10,1516),(4117,10,1517),(4118,10,1518),(4119,10,1519),(4120,10,1520),(4121,10,1521),(4122,10,1522),(4123,10,1523),(4124,10,1524),(4125,10,1525),(4126,10,1526),(4127,10,1527),(4128,10,1528),(4129,10,1529),(4130,10,1530),(4131,10,1531),(4132,10,1532),(4133,10,1533),(4134,10,1534),(4135,10,1535),(4136,10,1536),(4137,10,1537),(4138,10,1538),(4139,10,1539),(4140,10,1540),(4141,10,1541),(4142,10,1542),(4143,10,1543),(4144,10,1544),(4145,10,1545),(4146,10,1546),(4147,10,1547),(4148,10,1548),(4149,10,1549),(4150,10,1550),(4151,10,1551),(4152,10,1552),(4153,10,1553),(4154,10,1554),(4155,10,1555),(4156,10,1556),(4157,10,1557),(4158,10,1558),(4159,10,1559),(4160,10,1560),(4161,10,1561),(4162,10,1562),(4163,10,1563),(4164,10,1564),(4165,10,1565),(4166,10,1566),(4167,10,1567),(4168,10,1568),(4169,10,1569),(4170,10,1570),(4171,10,1571),(4172,10,1572),(4173,10,1573),(4174,10,1574),(4175,10,1575),(4176,10,1576),(4177,10,1577),(4178,10,1578),(4179,10,1579),(4180,10,1580),(4181,10,1581),(4182,10,1582),(4183,10,1583),(4184,10,1584),(4185,10,1585),(4186,10,1586),(4187,10,1587),(4188,10,1588),(4189,10,1589),(4190,10,1590),(4191,10,1591),(4192,10,1592),(4193,10,1593),(4194,10,1594),(4195,10,1595),(4196,10,1596),(4197,10,1597),(4198,10,1598),(4199,10,1599),(4200,10,1600),(4201,10,1601),(4202,10,1602),(4203,10,1603),(4204,10,1604),(4205,10,1605),(4206,10,1606),(4207,10,1607),(4208,10,1608),(4209,10,1609),(4210,10,1610),(4211,10,1611),(4212,10,1612),(4213,10,1613),(4214,10,1614),(4215,10,1615),(4216,10,1616),(4217,10,1617),(4218,10,1618),(4219,10,1619),(4220,10,1620),(4221,10,1621),(4222,10,1622),(4223,10,1623),(4224,10,1624),(4225,10,1625),(4226,10,1626),(4227,10,1627),(4228,10,1628),(4229,10,1629),(4230,10,1630),(4231,10,1631),(4232,10,1632),(4233,10,1633),(4234,10,1634),(4235,10,1635),(4236,10,1636),(4237,10,1637),(4238,10,1638),(4239,10,1639),(4240,10,1640),(4241,10,1641),(4242,10,1642),(4243,10,1643),(4244,10,1644),(4245,10,1645),(4246,10,1646),(4247,10,1647),(4248,10,1648),(4249,10,1649),(4250,10,1650),(4251,10,1651),(4252,10,1652),(4253,10,1653),(4254,10,1654),(4255,10,1655),(4256,10,1656),(4257,10,1657),(4258,10,1658),(4259,10,1659),(4260,10,1660),(4261,10,1661),(4262,10,1662),(4263,10,1663),(4264,10,1664),(4265,10,1665),(4266,10,1666),(4267,10,1667),(4268,10,1668),(4269,10,1669),(4270,10,1670),(4271,10,1671),(4272,10,1672),(4273,10,1673),(4274,10,1674),(4275,10,1675),(4276,10,1676),(4277,10,1677),(4278,10,1678),(4279,10,1679),(4280,10,1680),(4281,10,1681),(4282,10,1682),(4283,10,1683),(4284,10,1684),(4285,10,1685),(4286,10,1686),(4287,10,1687),(4288,10,1688),(4289,10,1689),(4290,10,1690),(4291,10,1691),(4292,10,1692),(4293,10,1693),(4294,10,1694),(4295,10,1695),(4296,10,1696),(4297,10,1697),(4298,10,1698),(4299,10,1699),(4300,10,1700),(4301,10,1701),(4302,10,1702),(4303,10,1703),(4304,10,1704),(4305,10,1705),(4306,10,1706),(4307,10,1707),(4308,10,1708),(4309,10,1709),(4310,10,1710),(4311,10,1711),(4312,10,1712),(4313,10,1713),(4314,10,1714),(4315,10,1715),(4316,10,1716),(4317,10,1717),(4318,10,1718),(4319,10,1719),(4320,10,1720),(4321,10,1721),(4322,10,1722),(4323,10,1723),(4324,10,1724),(4325,10,1725),(4326,10,1726),(4327,10,1727),(4328,10,1728),(4329,10,1729),(4330,10,1730),(4331,10,1731),(4332,10,1732),(4333,10,1733),(4334,10,1734),(4335,10,1735),(4336,10,1736),(4337,10,1737),(4338,10,1738),(4339,10,1739),(4340,10,1740),(4341,10,1741),(4342,10,1742),(4343,10,1743),(4344,10,1744),(4345,10,1745),(4346,10,1746),(4347,10,1747),(4348,10,1748),(4349,10,1749),(4350,10,1750),(4351,10,1751),(4352,10,1752),(4353,10,1753),(4354,10,1754),(4355,10,1755),(4356,10,1756),(4357,10,1757),(4358,10,1758),(4359,10,1759),(4360,10,1760),(4361,10,1761),(4362,10,1762),(4363,10,1763),(4364,10,1764),(4365,10,1765),(4366,10,1766),(4367,10,1767),(4368,10,1768),(4369,10,1769),(4370,10,1770),(4371,10,1771),(4372,10,1772),(4373,10,1773),(4374,10,1774),(4375,10,1775),(4376,10,1776),(4377,10,1777),(4378,10,1778),(4379,10,1779),(4380,10,1780),(4381,10,1781),(4382,10,1782),(4383,10,1783),(4384,10,1784),(4385,10,1785),(4386,10,1786),(4387,10,1787),(4388,10,1788),(4389,10,1789),(4390,10,1790),(4391,10,1791),(4392,10,1792),(4393,10,1793),(4394,10,1794),(4395,10,1795),(4396,10,1796),(4397,10,1797),(4398,10,1798),(4399,10,1799),(4400,10,1800),(4401,10,1801),(4402,10,1802),(4403,10,1803),(4404,10,1804),(4405,10,1805),(4406,10,1806),(4407,10,1807),(4408,10,1808),(4409,10,1809),(4410,10,1810),(4411,10,1811),(4412,10,1812),(4413,10,1813),(4414,10,1814),(4415,10,1815),(4416,10,1816),(4417,10,1817),(4418,10,1818),(4419,10,1819),(4420,10,1820),(4421,10,1821),(4422,10,1822),(4423,10,1823),(4424,10,1824),(4425,10,1825),(4426,10,1826),(4427,10,1827),(4428,10,1828),(4429,10,1829),(4430,10,1830),(4431,10,1831),(4432,10,1832),(4433,10,1833),(4434,10,1834),(4435,10,1835),(4436,10,1836),(4437,10,1837),(4438,10,1838),(4439,10,1839),(4440,10,1840),(4441,10,1841),(4442,10,1842),(4443,10,1843),(4444,10,1844),(4445,10,1845),(4446,10,1846),(4447,10,1847),(4448,10,1848),(4449,10,1849),(4450,10,1850),(4451,10,1851),(4452,10,1852),(4453,10,1853),(4454,10,1854),(4455,10,1855),(4456,10,1856),(4457,10,1857),(4458,10,1858),(4459,10,1859),(4460,10,1860),(4461,10,1861),(4462,10,1862),(4463,10,1863),(4464,10,1864),(4465,10,1865),(4466,10,1866),(4467,10,1867),(4468,10,1868),(4469,10,1869),(4470,10,1870),(4471,10,1871),(4472,10,1872),(4473,10,1873),(4474,10,1874),(4475,10,1875),(4476,10,1876),(4477,10,1877),(4478,10,1878),(4479,10,1879),(4480,10,1880),(4481,10,1881),(4482,10,1882),(4483,10,1883),(4484,10,1884),(4485,10,1885),(4486,10,1886),(4487,10,1887),(4488,10,1888),(4489,10,1889),(4490,10,1890),(4491,10,1891),(4492,10,1892),(4493,10,1893),(4494,10,1894),(4495,10,1895),(4496,10,1896),(4497,10,1897),(4498,10,1898),(4499,10,1899),(4500,10,1900),(4501,10,1901),(4502,10,1902),(4503,10,1903),(4504,10,1904),(4505,10,1905),(4506,10,1906),(4507,10,1907),(4508,10,1908),(4509,10,1909),(4510,10,1910),(4511,10,1911),(4512,10,1912),(4513,10,1913),(4514,10,1914),(4515,10,1915),(4516,10,1916),(4517,10,1917),(4518,10,1918),(4519,10,1919),(4520,10,1920),(4521,10,1921),(4522,10,1922),(4523,10,1923),(4524,10,1924),(4525,10,1925),(4526,10,1926),(4527,10,1927),(4528,10,1928),(4529,10,1929),(4530,10,1930),(4531,10,1931),(4532,10,1932),(4533,10,1933),(4534,10,1934),(4535,10,1935),(4536,10,1936),(4537,10,1937),(4538,10,1938),(4539,10,1939),(4540,10,1940),(4541,10,1941),(4542,10,1942),(4543,10,1943),(4544,10,1944),(4545,10,1945),(4546,10,1946),(4547,10,1947),(4548,10,1948),(4549,10,1949),(4550,10,1950),(4551,10,1951),(4552,10,1952),(4553,10,1953),(4554,10,1954),(4555,10,1955),(4556,10,1956),(4557,10,1957),(4558,10,1958),(4559,10,1959),(4560,10,1960),(4561,10,1961),(4562,10,1962),(4563,10,1963),(4564,10,1964),(4565,10,1965),(4566,10,1966),(4567,10,1967),(4568,10,1968),(4569,10,1969),(4570,10,1970),(4571,10,1971),(4572,10,1972),(4573,10,1973),(4574,10,1974),(4575,10,1975),(4576,10,1976),(4577,10,1977),(4578,10,1978),(4579,10,1979),(4580,10,1980),(4581,10,1981),(4582,10,1982),(4583,10,1983),(4584,10,1984),(4585,10,1985),(4586,10,1986),(4587,10,1987),(4588,10,1988),(4589,10,1989),(4590,10,1990),(4591,10,1991),(4592,10,1992),(4593,10,1993),(4594,10,1994),(4595,10,1995),(4596,10,1996),(4597,10,1997),(4598,10,1998),(4599,10,1999),(4600,10,2000),(4601,11,2001),(4602,11,2002),(4603,11,2003),(4604,11,2004),(4605,11,2005),(4606,11,2006),(4607,11,2007),(4608,11,2008),(4609,11,2009),(4610,11,2010),(4611,11,2011),(4612,11,2012),(4613,11,2013),(4614,11,2014),(4615,11,2015),(4616,11,2016),(4617,11,2017),(4618,11,2018),(4619,11,2019),(4620,11,2020),(4621,11,2021),(4622,11,2022),(4623,11,2023),(4624,11,2024),(4625,11,2025),(4626,11,2026),(4627,11,2027),(4628,11,2028),(4629,11,2029),(4630,11,2030),(4631,11,2031),(4632,11,2032),(4633,11,2033),(4634,11,2034),(4635,11,2035),(4636,11,2036),(4637,11,2037),(4638,11,2038),(4639,11,2039),(4640,11,2040),(4641,11,2041),(4642,11,2042),(4643,11,2043),(4644,11,2044),(4645,11,2045),(4646,11,2046),(4647,11,2047),(4648,11,2048),(4649,11,2049),(4650,11,2050),(4651,11,2051),(4652,11,2052),(4653,11,2053),(4654,11,2054),(4655,11,2055),(4656,11,2056),(4657,11,2057),(4658,11,2058),(4659,11,2059),(4660,11,2060),(4661,11,2061),(4662,11,2062),(4663,11,2063),(4664,11,2064),(4665,11,2065),(4666,11,2066),(4667,11,2067),(4668,11,2068),(4669,11,2069),(4670,11,2070),(4671,11,2071),(4672,11,2072),(4673,11,2073),(4674,11,2074),(4675,11,2075),(4676,11,2076),(4677,11,2077),(4678,11,2078),(4679,11,2079),(4680,11,2080),(4681,11,2081),(4682,11,2082),(4683,11,2083),(4684,11,2084),(4685,11,2085),(4686,11,2086),(4687,11,2087),(4688,11,2088),(4689,11,2089),(4690,11,2090),(4691,11,2091),(4692,11,2092),(4693,11,2093),(4694,11,2094),(4695,11,2095),(4696,11,2096),(4697,11,2097),(4698,11,2098),(4699,11,2099),(4700,11,2100),(4701,11,2101),(4702,11,2102),(4703,11,2103),(4704,11,2104),(4705,11,2105),(4706,11,2106),(4707,11,2107),(4708,11,2108),(4709,11,2109),(4710,11,2110),(4711,11,2111),(4712,11,2112),(4713,11,2113),(4714,11,2114),(4715,11,2115),(4716,11,2116),(4717,11,2117),(4718,11,2118),(4719,11,2119),(4720,11,2120),(4721,11,2121),(4722,11,2122),(4723,11,2123),(4724,11,2124),(4725,11,2125),(4726,11,2126),(4727,11,2127),(4728,11,2128),(4729,11,2129),(4730,11,2130),(4731,11,2131),(4732,11,2132),(4733,11,2133),(4734,11,2134),(4735,11,2135),(4736,11,2136),(4737,11,2137),(4738,11,2138),(4739,11,2139),(4740,11,2140),(4741,11,2141),(4742,11,2142),(4743,11,2143),(4744,11,2144),(4745,11,2145),(4746,11,2146),(4747,11,2147),(4748,11,2148),(4749,11,2149),(4750,11,2150),(4751,11,2151),(4752,11,2152),(4753,11,2153),(4754,11,2154),(4755,11,2155),(4756,11,2156),(4757,11,2157),(4758,11,2158),(4759,11,2159),(4760,11,2160),(4761,11,2161),(4762,11,2162),(4763,11,2163),(4764,11,2164),(4765,11,2165),(4766,11,2166),(4767,11,2167),(4768,11,2168),(4769,11,2169),(4770,11,2170),(4771,11,2171),(4772,11,2172),(4773,11,2173),(4774,11,2174),(4775,11,2175),(4776,11,2176),(4777,11,2177),(4778,11,2178),(4779,11,2179),(4780,11,2180),(4781,11,2181),(4782,11,2182),(4783,11,2183),(4784,11,2184),(4785,11,2185),(4786,11,2186),(4787,11,2187),(4788,11,2188),(4789,11,2189),(4790,11,2190),(4791,11,2191),(4792,11,2192),(4793,11,2193),(4794,11,2194),(4795,11,2195),(4796,11,2196),(4797,11,2197),(4798,11,2198),(4799,11,2199),(4800,11,2200),(4801,11,2201),(4802,11,2202),(4803,11,2203),(4804,11,2204),(4805,11,2205),(4806,11,2206),(4807,11,2207),(4808,11,2208),(4809,11,2209),(4810,11,2210),(4811,11,2211),(4812,11,2212),(4813,11,2213),(4814,11,2214),(4815,11,2215),(4816,11,2216),(4817,11,2217),(4818,11,2218),(4819,11,2219),(4820,11,2220),(4821,11,2221),(4822,11,2222),(4823,11,2223),(4824,11,2224),(4825,11,2225),(4826,11,2226),(4827,11,2227),(4828,11,2228),(4829,11,2229),(4830,11,2230),(4831,11,2231),(4832,11,2232),(4833,11,2233),(4834,11,2234),(4835,11,2235),(4836,11,2236),(4837,11,2237),(4838,11,2238),(4839,11,2239),(4840,11,2240),(4841,11,2241),(4842,11,2242),(4843,11,2243),(4844,11,2244),(4845,11,2245),(4846,11,2246),(4847,11,2247),(4848,11,2248),(4849,11,2249),(4850,11,2250),(4851,11,2251),(4852,11,2252),(4853,11,2253),(4854,11,2254),(4855,11,2255),(4856,11,2256),(4857,11,2257),(4858,11,2258),(4859,11,2259),(4860,11,2260),(4861,11,2261),(4862,11,2262),(4863,11,2263),(4864,11,2264),(4865,11,2265),(4866,11,2266),(4867,11,2267),(4868,11,2268),(4869,11,2269),(4870,11,2270),(4871,11,2271),(4872,11,2272),(4873,11,2273),(4874,11,2274),(4875,11,2275),(4876,11,2276),(4877,11,2277),(4878,11,2278),(4879,11,2279),(4880,11,2280),(4881,11,2281),(4882,11,2282),(4883,11,2283),(4884,11,2284),(4885,11,2285),(4886,11,2286),(4887,11,2287),(4888,11,2288),(4889,11,2289),(4890,11,2290),(4891,11,2291),(4892,11,2292),(4893,11,2293),(4894,11,2294),(4895,11,2295),(4896,11,2296),(4897,11,2297),(4898,11,2298),(4899,11,2299),(4900,11,2300),(4901,11,2301),(4902,11,2302),(4903,11,2303),(4904,11,2304),(4905,11,2305),(4906,11,2306),(4907,11,2307),(4908,11,2308),(4909,11,2309),(4910,11,2310),(4911,11,2311),(4912,11,2312),(4913,11,2313),(4914,11,2314),(4915,11,2315),(4916,11,2316),(4917,11,2317),(4918,11,2318),(4919,11,2319),(4920,11,2320),(4921,11,2321),(4922,11,2322),(4923,11,2323),(4924,11,2324),(4925,11,2325),(4926,11,2326),(4927,11,2327),(4928,11,2328),(4929,11,2329),(4930,11,2330),(4931,11,2331),(4932,11,2332),(4933,11,2333),(4934,11,2334),(4935,11,2335),(4936,11,2336),(4937,11,2337),(4938,11,2338),(4939,11,2339),(4940,11,2340),(4941,11,2341),(4942,11,2342),(4943,11,2343),(4944,11,2344),(4945,11,2345),(4946,11,2346),(4947,11,2347),(4948,11,2348),(4949,11,2349),(4950,11,2350),(4951,11,2351),(4952,11,2352),(4953,11,2353),(4954,11,2354),(4955,11,2355),(4956,11,2356),(4957,11,2357),(4958,11,2358),(4959,11,2359),(4960,11,2360),(4961,11,2361),(4962,11,2362),(4963,11,2363),(4964,11,2364),(4965,11,2365),(4966,11,2366),(4967,11,2367),(4968,11,2368),(4969,11,2369),(4970,11,2370),(4971,11,2371),(4972,11,2372),(4973,11,2373),(4974,11,2374),(4975,11,2375),(4976,11,2376),(4977,11,2377),(4978,11,2378),(4979,11,2379),(4980,11,2380),(4981,11,2381),(4982,11,2382),(4983,11,2383),(4984,11,2384),(4985,11,2385),(4986,11,2386),(4987,11,2387),(4988,11,2388),(4989,11,2389),(4990,11,2390),(4991,11,2391),(4992,11,2392),(4993,11,2393),(4994,11,2394),(4995,11,2395),(4996,11,2396),(4997,11,2397),(4998,11,2398),(4999,11,2399),(5000,11,2400),(5001,11,2401),(5002,11,2402),(5003,11,2403),(5004,11,2404),(5005,11,2405),(5006,11,2406),(5007,11,2407),(5008,11,2408),(5009,11,2409),(5010,11,2410),(5011,11,2411),(5012,11,2412),(5013,11,2413),(5014,11,2414),(5015,11,2415),(5016,11,2416),(5017,11,2417),(5018,11,2418),(5019,11,2419),(5020,11,2420),(5021,11,2421),(5022,11,2422),(5023,11,2423),(5024,11,2424),(5025,11,2425),(5026,11,2426),(5027,11,2427),(5028,11,2428),(5029,11,2429),(5030,11,2430),(5031,11,2431),(5032,11,2432),(5033,11,2433),(5034,11,2434),(5035,11,2435),(5036,11,2436),(5037,11,2437),(5038,11,2438),(5039,11,2439),(5040,11,2440),(5041,11,2441),(5042,11,2442),(5043,11,2443),(5044,11,2444),(5045,11,2445),(5046,11,2446),(5047,11,2447),(5048,11,2448),(5049,11,2449),(5050,11,2450),(5051,11,2451),(5052,11,2452),(5053,11,2453),(5054,11,2454),(5055,11,2455),(5056,11,2456),(5057,11,2457),(5058,11,2458),(5059,11,2459),(5060,11,2460),(5061,11,2461),(5062,11,2462),(5063,11,2463),(5064,11,2464),(5065,11,2465),(5066,11,2466),(5067,11,2467),(5068,11,2468),(5069,11,2469),(5070,11,2470),(5071,11,2471),(5072,11,2472),(5073,11,2473),(5074,11,2474),(5075,11,2475),(5076,11,2476),(5077,11,2477),(5078,11,2478),(5079,11,2479),(5080,11,2480),(5081,11,2481),(5082,11,2482),(5083,11,2483),(5084,11,2484),(5085,11,2485),(5086,11,2486),(5087,11,2487),(5088,11,2488),(5089,11,2489),(5090,11,2490),(5091,11,2491),(5092,11,2492),(5093,11,2493),(5094,11,2494),(5095,11,2495),(5096,11,2496),(5097,11,2497),(5098,11,2498),(5099,11,2499),(5100,11,2500),(5101,12,1001),(5102,12,1002),(5103,12,1003),(5104,12,1004),(5105,12,1005),(5106,12,1006),(5107,12,1007),(5108,12,1008),(5109,12,1009),(5110,12,1010),(5111,12,1011),(5112,12,1012),(5113,12,1013),(5114,12,1014),(5115,12,1015),(5116,12,1016),(5117,12,1017),(5118,12,1018),(5119,12,1019),(5120,12,1020),(5121,12,1021),(5122,12,1022),(5123,12,1023),(5124,12,1024),(5125,12,1025),(5126,12,1026),(5127,12,1027),(5128,12,1028),(5129,12,1029),(5130,12,1030),(5131,12,1031),(5132,12,1032),(5133,12,1033),(5134,12,1034),(5135,12,1035),(5136,12,1036),(5137,12,1037),(5138,12,1038),(5139,12,1039),(5140,12,1040),(5141,12,1041),(5142,12,1042),(5143,12,1043),(5144,12,1044),(5145,12,1045),(5146,12,1046),(5147,12,1047),(5148,12,1048),(5149,12,1049),(5150,12,1050),(5151,12,1051),(5152,12,1052),(5153,12,1053),(5154,12,1054),(5155,12,1055),(5156,12,1056),(5157,12,1057),(5158,12,1058),(5159,12,1059),(5160,12,1060),(5161,12,1061),(5162,12,1062),(5163,12,1063),(5164,12,1064),(5165,12,1065),(5166,12,1066),(5167,12,1067),(5168,12,1068),(5169,12,1069),(5170,12,1070),(5171,12,1071),(5172,12,1072),(5173,12,1073),(5174,12,1074),(5175,12,1075),(5176,12,1076),(5177,12,1077),(5178,12,1078),(5179,12,1079),(5180,12,1080),(5181,12,1081),(5182,12,1082),(5183,12,1083),(5184,12,1084),(5185,12,1085),(5186,12,1086),(5187,12,1087),(5188,12,1088),(5189,12,1089),(5190,12,1090),(5191,12,1091),(5192,12,1092),(5193,12,1093),(5194,12,1094),(5195,12,1095),(5196,12,1096),(5197,12,1097),(5198,12,1098),(5199,12,1099),(5200,12,1100),(5201,12,1101),(5202,12,1102),(5203,12,1103),(5204,12,1104),(5205,12,1105),(5206,12,1106),(5207,12,1107),(5208,12,1108),(5209,12,1109),(5210,12,1110),(5211,12,1111),(5212,12,1112),(5213,12,1113),(5214,12,1114),(5215,12,1115),(5216,12,1116),(5217,12,1117),(5218,12,1118),(5219,12,1119),(5220,12,1120),(5221,12,1121),(5222,12,1122),(5223,12,1123),(5224,12,1124),(5225,12,1125),(5226,12,1126),(5227,12,1127),(5228,12,1128),(5229,12,1129),(5230,12,1130),(5231,12,1131),(5232,12,1132),(5233,12,1133),(5234,12,1134),(5235,12,1135),(5236,12,1136),(5237,12,1137),(5238,12,1138),(5239,12,1139),(5240,12,1140),(5241,12,1141),(5242,12,1142),(5243,12,1143),(5244,12,1144),(5245,12,1145),(5246,12,1146),(5247,12,1147),(5248,12,1148),(5249,12,1149),(5250,12,1150),(5251,12,1151),(5252,12,1152),(5253,12,1153),(5254,12,1154),(5255,12,1155),(5256,12,1156),(5257,12,1157),(5258,12,1158),(5259,12,1159),(5260,12,1160),(5261,12,1161),(5262,12,1162),(5263,12,1163),(5264,12,1164),(5265,12,1165),(5266,12,1166),(5267,12,1167),(5268,12,1168),(5269,12,1169),(5270,12,1170),(5271,12,1171),(5272,12,1172),(5273,12,1173),(5274,12,1174),(5275,12,1175),(5276,12,1176),(5277,12,1177),(5278,12,1178),(5279,12,1179),(5280,12,1180),(5281,12,1181),(5282,12,1182),(5283,12,1183),(5284,12,1184),(5285,12,1185),(5286,12,1186),(5287,12,1187),(5288,12,1188),(5289,12,1189),(5290,12,1190),(5291,12,1191),(5292,12,1192),(5293,12,1193),(5294,12,1194),(5295,12,1195),(5296,12,1196),(5297,12,1197),(5298,12,1198),(5299,12,1199),(5300,12,1200),(5301,12,1201),(5302,12,1202),(5303,12,1203),(5304,12,1204),(5305,12,1205),(5306,12,1206),(5307,12,1207),(5308,12,1208),(5309,12,1209),(5310,12,1210),(5311,12,1211),(5312,12,1212),(5313,12,1213),(5314,12,1214),(5315,12,1215),(5316,12,1216),(5317,12,1217),(5318,12,1218),(5319,12,1219),(5320,12,1220),(5321,12,1221),(5322,12,1222),(5323,12,1223),(5324,12,1224),(5325,12,1225),(5326,12,1226),(5327,12,1227),(5328,12,1228),(5329,12,1229),(5330,12,1230),(5331,12,1231),(5332,12,1232),(5333,12,1233),(5334,12,1234),(5335,12,1235),(5336,12,1236),(5337,12,1237),(5338,12,1238),(5339,12,1239),(5340,12,1240),(5341,12,1241),(5342,12,1242),(5343,12,1243),(5344,12,1244),(5345,12,1245),(5346,12,1246),(5347,12,1247),(5348,12,1248),(5349,12,1249),(5350,12,1250),(5351,12,1251),(5352,12,1252),(5353,12,1253),(5354,12,1254),(5355,12,1255),(5356,12,1256),(5357,12,1257),(5358,12,1258),(5359,12,1259),(5360,12,1260),(5361,12,1261),(5362,12,1262),(5363,12,1263),(5364,12,1264),(5365,12,1265),(5366,12,1266),(5367,12,1267),(5368,12,1268),(5369,12,1269),(5370,12,1270),(5371,12,1271),(5372,12,1272),(5373,12,1273),(5374,12,1274),(5375,12,1275),(5376,12,1276),(5377,12,1277),(5378,12,1278),(5379,12,1279),(5380,12,1280),(5381,12,1281),(5382,12,1282),(5383,12,1283),(5384,12,1284),(5385,12,1285),(5386,12,1286),(5387,12,1287),(5388,12,1288),(5389,12,1289),(5390,12,1290),(5391,12,1291),(5392,12,1292),(5393,12,1293),(5394,12,1294),(5395,12,1295),(5396,12,1296),(5397,12,1297),(5398,12,1298),(5399,12,1299),(5400,12,1300),(5401,12,1301),(5402,12,1302),(5403,12,1303),(5404,12,1304),(5405,12,1305),(5406,12,1306),(5407,12,1307),(5408,12,1308),(5409,12,1309),(5410,12,1310),(5411,12,1311),(5412,12,1312),(5413,12,1313),(5414,12,1314),(5415,12,1315),(5416,12,1316),(5417,12,1317),(5418,12,1318),(5419,12,1319),(5420,12,1320),(5421,12,1321),(5422,12,1322),(5423,12,1323),(5424,12,1324),(5425,12,1325),(5426,12,1326),(5427,12,1327),(5428,12,1328),(5429,12,1329),(5430,12,1330),(5431,12,1331),(5432,12,1332),(5433,12,1333),(5434,12,1334),(5435,12,1335),(5436,12,1336),(5437,12,1337),(5438,12,1338),(5439,12,1339),(5440,12,1340),(5441,12,1341),(5442,12,1342),(5443,12,1343),(5444,12,1344),(5445,12,1345),(5446,12,1346),(5447,12,1347),(5448,12,1348),(5449,12,1349),(5450,12,1350),(5451,12,1351),(5452,12,1352),(5453,12,1353),(5454,12,1354),(5455,12,1355),(5456,12,1356),(5457,12,1357),(5458,12,1358),(5459,12,1359),(5460,12,1360),(5461,12,1361),(5462,12,1362),(5463,12,1363),(5464,12,1364),(5465,12,1365),(5466,12,1366),(5467,12,1367),(5468,12,1368),(5469,12,1369),(5470,12,1370),(5471,12,1371),(5472,12,1372),(5473,12,1373),(5474,12,1374),(5475,12,1375),(5476,12,1376),(5477,12,1377),(5478,12,1378),(5479,12,1379),(5480,12,1380),(5481,12,1381),(5482,12,1382),(5483,12,1383),(5484,12,1384),(5485,12,1385),(5486,12,1386),(5487,12,1387),(5488,12,1388),(5489,12,1389),(5490,12,1390),(5491,12,1391),(5492,12,1392),(5493,12,1393),(5494,12,1394),(5495,12,1395),(5496,12,1396),(5497,12,1397),(5498,12,1398),(5499,12,1399),(5500,12,1400),(5501,12,1401),(5502,12,1402),(5503,12,1403),(5504,12,1404),(5505,12,1405),(5506,12,1406),(5507,12,1407),(5508,12,1408),(5509,12,1409),(5510,12,1410),(5511,12,1411),(5512,12,1412),(5513,12,1413),(5514,12,1414),(5515,12,1415),(5516,12,1416),(5517,12,1417),(5518,12,1418),(5519,12,1419),(5520,12,1420),(5521,12,1421),(5522,12,1422),(5523,12,1423),(5524,12,1424),(5525,12,1425),(5526,12,1426),(5527,12,1427),(5528,12,1428),(5529,12,1429),(5530,12,1430),(5531,12,1431),(5532,12,1432),(5533,12,1433),(5534,12,1434),(5535,12,1435),(5536,12,1436),(5537,12,1437),(5538,12,1438),(5539,12,1439),(5540,12,1440),(5541,12,1441),(5542,12,1442),(5543,12,1443),(5544,12,1444),(5545,12,1445),(5546,12,1446),(5547,12,1447),(5548,12,1448),(5549,12,1449),(5550,12,1450),(5551,12,1451),(5552,12,1452),(5553,12,1453),(5554,12,1454),(5555,12,1455),(5556,12,1456),(5557,12,1457),(5558,12,1458),(5559,12,1459),(5560,12,1460),(5561,12,1461),(5562,12,1462),(5563,12,1463),(5564,12,1464),(5565,12,1465),(5566,12,1466),(5567,12,1467),(5568,12,1468),(5569,12,1469),(5570,12,1470),(5571,12,1471),(5572,12,1472),(5573,12,1473),(5574,12,1474),(5575,12,1475),(5576,12,1476),(5577,12,1477),(5578,12,1478),(5579,12,1479),(5580,12,1480),(5581,12,1481),(5582,12,1482),(5583,12,1483),(5584,12,1484),(5585,12,1485),(5586,12,1486),(5587,12,1487),(5588,12,1488),(5589,12,1489),(5590,12,1490),(5591,12,1491),(5592,12,1492),(5593,12,1493),(5594,12,1494),(5595,12,1495),(5596,12,1496),(5597,12,1497),(5598,12,1498),(5599,12,1499),(5600,12,1500),(5601,13,1501),(5602,13,1502),(5603,13,1503),(5604,13,1504),(5605,13,1505),(5606,13,1506),(5607,13,1507),(5608,13,1508),(5609,13,1509),(5610,13,1510),(5611,13,1511),(5612,13,1512),(5613,13,1513),(5614,13,1514),(5615,13,1515),(5616,13,1516),(5617,13,1517),(5618,13,1518),(5619,13,1519),(5620,13,1520),(5621,13,1521),(5622,13,1522),(5623,13,1523),(5624,13,1524),(5625,13,1525),(5626,13,1526),(5627,13,1527),(5628,13,1528),(5629,13,1529),(5630,13,1530),(5631,13,1531),(5632,13,1532),(5633,13,1533),(5634,13,1534),(5635,13,1535),(5636,13,1536),(5637,13,1537),(5638,13,1538),(5639,13,1539),(5640,13,1540),(5641,13,1541),(5642,13,1542),(5643,13,1543),(5644,13,1544),(5645,13,1545),(5646,13,1546),(5647,13,1547),(5648,13,1548),(5649,13,1549),(5650,13,1550),(5651,13,1551),(5652,13,1552),(5653,13,1553),(5654,13,1554),(5655,13,1555),(5656,13,1556),(5657,13,1557),(5658,13,1558),(5659,13,1559),(5660,13,1560),(5661,13,1561),(5662,13,1562),(5663,13,1563),(5664,13,1564),(5665,13,1565),(5666,13,1566),(5667,13,1567),(5668,13,1568),(5669,13,1569),(5670,13,1570),(5671,13,1571),(5672,13,1572),(5673,13,1573),(5674,13,1574),(5675,13,1575),(5676,13,1576),(5677,13,1577),(5678,13,1578),(5679,13,1579),(5680,13,1580),(5681,13,1581),(5682,13,1582),(5683,13,1583),(5684,13,1584),(5685,13,1585),(5686,13,1586),(5687,13,1587),(5688,13,1588),(5689,13,1589),(5690,13,1590),(5691,13,1591),(5692,13,1592),(5693,13,1593),(5694,13,1594),(5695,13,1595),(5696,13,1596),(5697,13,1597),(5698,13,1598),(5699,13,1599),(5700,13,1600),(5701,13,1601),(5702,13,1602),(5703,13,1603),(5704,13,1604),(5705,13,1605),(5706,13,1606),(5707,13,1607),(5708,13,1608),(5709,13,1609),(5710,13,1610),(5711,13,1611),(5712,13,1612),(5713,13,1613),(5714,13,1614),(5715,13,1615),(5716,13,1616),(5717,13,1617),(5718,13,1618),(5719,13,1619),(5720,13,1620),(5721,13,1621),(5722,13,1622),(5723,13,1623),(5724,13,1624),(5725,13,1625),(5726,13,1626),(5727,13,1627),(5728,13,1628),(5729,13,1629),(5730,13,1630),(5731,13,1631),(5732,13,1632),(5733,13,1633),(5734,13,1634),(5735,13,1635),(5736,13,1636),(5737,13,1637),(5738,13,1638),(5739,13,1639),(5740,13,1640),(5741,13,1641),(5742,13,1642),(5743,13,1643),(5744,13,1644),(5745,13,1645),(5746,13,1646),(5747,13,1647),(5748,13,1648),(5749,13,1649),(5750,13,1650),(5751,13,1651),(5752,13,1652),(5753,13,1653),(5754,13,1654),(5755,13,1655),(5756,13,1656),(5757,13,1657),(5758,13,1658),(5759,13,1659),(5760,13,1660),(5761,13,1661),(5762,13,1662),(5763,13,1663),(5764,13,1664),(5765,13,1665),(5766,13,1666),(5767,13,1667),(5768,13,1668),(5769,13,1669),(5770,13,1670),(5771,13,1671),(5772,13,1672),(5773,13,1673),(5774,13,1674),(5775,13,1675),(5776,13,1676),(5777,13,1677),(5778,13,1678),(5779,13,1679),(5780,13,1680),(5781,13,1681),(5782,13,1682),(5783,13,1683),(5784,13,1684),(5785,13,1685),(5786,13,1686),(5787,13,1687),(5788,13,1688),(5789,13,1689),(5790,13,1690),(5791,13,1691),(5792,13,1692),(5793,13,1693),(5794,13,1694),(5795,13,1695),(5796,13,1696),(5797,13,1697),(5798,13,1698),(5799,13,1699),(5800,13,1700),(5801,13,1701),(5802,13,1702),(5803,13,1703),(5804,13,1704),(5805,13,1705),(5806,13,1706),(5807,13,1707),(5808,13,1708),(5809,13,1709),(5810,13,1710),(5811,13,1711),(5812,13,1712),(5813,13,1713),(5814,13,1714),(5815,13,1715),(5816,13,1716),(5817,13,1717),(5818,13,1718),(5819,13,1719),(5820,13,1720),(5821,13,1721),(5822,13,1722),(5823,13,1723),(5824,13,1724),(5825,13,1725),(5826,13,1726),(5827,13,1727),(5828,13,1728),(5829,13,1729),(5830,13,1730),(5831,13,1731),(5832,13,1732),(5833,13,1733),(5834,13,1734),(5835,13,1735),(5836,13,1736),(5837,13,1737),(5838,13,1738),(5839,13,1739),(5840,13,1740),(5841,13,1741),(5842,13,1742),(5843,13,1743),(5844,13,1744),(5845,13,1745),(5846,13,1746),(5847,13,1747),(5848,13,1748),(5849,13,1749),(5850,13,1750),(5851,13,1751),(5852,13,1752),(5853,13,1753),(5854,13,1754),(5855,13,1755),(5856,13,1756),(5857,13,1757),(5858,13,1758),(5859,13,1759),(5860,13,1760),(5861,13,1761),(5862,13,1762),(5863,13,1763),(5864,13,1764),(5865,13,1765),(5866,13,1766),(5867,13,1767),(5868,13,1768),(5869,13,1769),(5870,13,1770),(5871,13,1771),(5872,13,1772),(5873,13,1773),(5874,13,1774),(5875,13,1775),(5876,13,1776),(5877,13,1777),(5878,13,1778),(5879,13,1779),(5880,13,1780),(5881,13,1781),(5882,13,1782),(5883,13,1783),(5884,13,1784),(5885,13,1785),(5886,13,1786),(5887,13,1787),(5888,13,1788),(5889,13,1789),(5890,13,1790),(5891,13,1791),(5892,13,1792),(5893,13,1793),(5894,13,1794),(5895,13,1795),(5896,13,1796),(5897,13,1797),(5898,13,1798),(5899,13,1799),(5900,13,1800),(5901,13,1801),(5902,13,1802),(5903,13,1803),(5904,13,1804),(5905,13,1805),(5906,13,1806),(5907,13,1807),(5908,13,1808),(5909,13,1809),(5910,13,1810),(5911,13,1811),(5912,13,1812),(5913,13,1813),(5914,13,1814),(5915,13,1815),(5916,13,1816),(5917,13,1817),(5918,13,1818),(5919,13,1819),(5920,13,1820),(5921,13,1821),(5922,13,1822),(5923,13,1823),(5924,13,1824),(5925,13,1825),(5926,13,1826),(5927,13,1827),(5928,13,1828),(5929,13,1829),(5930,13,1830),(5931,13,1831),(5932,13,1832),(5933,13,1833),(5934,13,1834),(5935,13,1835),(5936,13,1836),(5937,13,1837),(5938,13,1838),(5939,13,1839),(5940,13,1840),(5941,13,1841),(5942,13,1842),(5943,13,1843),(5944,13,1844),(5945,13,1845),(5946,13,1846),(5947,13,1847),(5948,13,1848),(5949,13,1849),(5950,13,1850),(5951,13,1851),(5952,13,1852),(5953,13,1853),(5954,13,1854),(5955,13,1855),(5956,13,1856),(5957,13,1857),(5958,13,1858),(5959,13,1859),(5960,13,1860),(5961,13,1861),(5962,13,1862),(5963,13,1863),(5964,13,1864),(5965,13,1865),(5966,13,1866),(5967,13,1867),(5968,13,1868),(5969,13,1869),(5970,13,1870),(5971,13,1871),(5972,13,1872),(5973,13,1873),(5974,13,1874),(5975,13,1875),(5976,13,1876),(5977,13,1877),(5978,13,1878),(5979,13,1879),(5980,13,1880),(5981,13,1881),(5982,13,1882),(5983,13,1883),(5984,13,1884),(5985,13,1885),(5986,13,1886),(5987,13,1887),(5988,13,1888),(5989,13,1889),(5990,13,1890),(5991,13,1891),(5992,13,1892),(5993,13,1893),(5994,13,1894),(5995,13,1895),(5996,13,1896),(5997,13,1897),(5998,13,1898),(5999,13,1899),(6000,13,1900),(6001,13,1901),(6002,13,1902),(6003,13,1903),(6004,13,1904),(6005,13,1905),(6006,13,1906),(6007,13,1907),(6008,13,1908),(6009,13,1909),(6010,13,1910),(6011,13,1911),(6012,13,1912),(6013,13,1913),(6014,13,1914),(6015,13,1915),(6016,13,1916),(6017,13,1917),(6018,13,1918),(6019,13,1919),(6020,13,1920),(6021,13,1921),(6022,13,1922),(6023,13,1923),(6024,13,1924),(6025,13,1925),(6026,13,1926),(6027,13,1927),(6028,13,1928),(6029,13,1929),(6030,13,1930),(6031,13,1931),(6032,13,1932),(6033,13,1933),(6034,13,1934),(6035,13,1935),(6036,13,1936),(6037,13,1937),(6038,13,1938),(6039,13,1939),(6040,13,1940),(6041,13,1941),(6042,13,1942),(6043,13,1943),(6044,13,1944),(6045,13,1945),(6046,13,1946),(6047,13,1947),(6048,13,1948),(6049,13,1949),(6050,13,1950),(6051,13,1951),(6052,13,1952),(6053,13,1953),(6054,13,1954),(6055,13,1955),(6056,13,1956),(6057,13,1957),(6058,13,1958),(6059,13,1959),(6060,13,1960),(6061,13,1961),(6062,13,1962),(6063,13,1963),(6064,13,1964),(6065,13,1965),(6066,13,1966),(6067,13,1967),(6068,13,1968),(6069,13,1969),(6070,13,1970),(6071,13,1971),(6072,13,1972),(6073,13,1973),(6074,13,1974),(6075,13,1975),(6076,13,1976),(6077,13,1977),(6078,13,1978),(6079,13,1979),(6080,13,1980),(6081,13,1981),(6082,13,1982),(6083,13,1983),(6084,13,1984),(6085,13,1985),(6086,13,1986),(6087,13,1987),(6088,13,1988),(6089,13,1989),(6090,13,1990),(6091,13,1991),(6092,13,1992),(6093,13,1993),(6094,13,1994),(6095,13,1995),(6096,13,1996),(6097,13,1997),(6098,13,1998),(6099,13,1999),(6100,13,2000),(6101,14,2001),(6102,14,2002),(6103,14,2003),(6104,14,2004),(6105,14,2005),(6106,14,2006),(6107,14,2007),(6108,14,2008),(6109,14,2009),(6110,14,2010),(6111,14,2011),(6112,14,2012),(6113,14,2013),(6114,14,2014),(6115,14,2015),(6116,14,2016),(6117,14,2017),(6118,14,2018),(6119,14,2019),(6120,14,2020),(6121,14,2021),(6122,14,2022),(6123,14,2023),(6124,14,2024),(6125,14,2025),(6126,14,2026),(6127,14,2027),(6128,14,2028),(6129,14,2029),(6130,14,2030),(6131,14,2031),(6132,14,2032),(6133,14,2033),(6134,14,2034),(6135,14,2035),(6136,14,2036),(6137,14,2037),(6138,14,2038),(6139,14,2039),(6140,14,2040),(6141,14,2041),(6142,14,2042),(6143,14,2043),(6144,14,2044),(6145,14,2045),(6146,14,2046),(6147,14,2047),(6148,14,2048),(6149,14,2049),(6150,14,2050),(6151,14,2051),(6152,14,2052),(6153,14,2053),(6154,14,2054),(6155,14,2055),(6156,14,2056),(6157,14,2057),(6158,14,2058),(6159,14,2059),(6160,14,2060),(6161,14,2061),(6162,14,2062),(6163,14,2063),(6164,14,2064),(6165,14,2065),(6166,14,2066),(6167,14,2067),(6168,14,2068),(6169,14,2069),(6170,14,2070),(6171,14,2071),(6172,14,2072),(6173,14,2073),(6174,14,2074),(6175,14,2075),(6176,14,2076),(6177,14,2077),(6178,14,2078),(6179,14,2079),(6180,14,2080),(6181,14,2081),(6182,14,2082),(6183,14,2083),(6184,14,2084),(6185,14,2085),(6186,14,2086),(6187,14,2087),(6188,14,2088),(6189,14,2089),(6190,14,2090),(6191,14,2091),(6192,14,2092),(6193,14,2093),(6194,14,2094),(6195,14,2095),(6196,14,2096),(6197,14,2097),(6198,14,2098),(6199,14,2099),(6200,14,2100),(6201,14,2101),(6202,14,2102),(6203,14,2103),(6204,14,2104),(6205,14,2105),(6206,14,2106),(6207,14,2107),(6208,14,2108),(6209,14,2109),(6210,14,2110),(6211,14,2111),(6212,14,2112),(6213,14,2113),(6214,14,2114),(6215,14,2115),(6216,14,2116),(6217,14,2117),(6218,14,2118),(6219,14,2119),(6220,14,2120),(6221,14,2121),(6222,14,2122),(6223,14,2123),(6224,14,2124),(6225,14,2125),(6226,14,2126),(6227,14,2127),(6228,14,2128),(6229,14,2129),(6230,14,2130),(6231,14,2131),(6232,14,2132),(6233,14,2133),(6234,14,2134),(6235,14,2135),(6236,14,2136),(6237,14,2137),(6238,14,2138),(6239,14,2139),(6240,14,2140),(6241,14,2141),(6242,14,2142),(6243,14,2143),(6244,14,2144),(6245,14,2145),(6246,14,2146),(6247,14,2147),(6248,14,2148),(6249,14,2149),(6250,14,2150),(6251,14,2151),(6252,14,2152),(6253,14,2153),(6254,14,2154),(6255,14,2155),(6256,14,2156),(6257,14,2157),(6258,14,2158),(6259,14,2159),(6260,14,2160),(6261,14,2161),(6262,14,2162),(6263,14,2163),(6264,14,2164),(6265,14,2165),(6266,14,2166),(6267,14,2167),(6268,14,2168),(6269,14,2169),(6270,14,2170),(6271,14,2171),(6272,14,2172),(6273,14,2173),(6274,14,2174),(6275,14,2175),(6276,14,2176),(6277,14,2177),(6278,14,2178),(6279,14,2179),(6280,14,2180),(6281,14,2181),(6282,14,2182),(6283,14,2183),(6284,14,2184),(6285,14,2185),(6286,14,2186),(6287,14,2187),(6288,14,2188),(6289,14,2189),(6290,14,2190),(6291,14,2191),(6292,14,2192),(6293,14,2193),(6294,14,2194),(6295,14,2195),(6296,14,2196),(6297,14,2197),(6298,14,2198),(6299,14,2199),(6300,14,2200),(6301,14,2201),(6302,14,2202),(6303,14,2203),(6304,14,2204),(6305,14,2205),(6306,14,2206),(6307,14,2207),(6308,14,2208),(6309,14,2209),(6310,14,2210),(6311,14,2211),(6312,14,2212),(6313,14,2213),(6314,14,2214),(6315,14,2215),(6316,14,2216),(6317,14,2217),(6318,14,2218),(6319,14,2219),(6320,14,2220),(6321,14,2221),(6322,14,2222),(6323,14,2223),(6324,14,2224),(6325,14,2225),(6326,14,2226),(6327,14,2227),(6328,14,2228),(6329,14,2229),(6330,14,2230),(6331,14,2231),(6332,14,2232),(6333,14,2233),(6334,14,2234),(6335,14,2235),(6336,14,2236),(6337,14,2237),(6338,14,2238),(6339,14,2239),(6340,14,2240),(6341,14,2241),(6342,14,2242),(6343,14,2243),(6344,14,2244),(6345,14,2245),(6346,14,2246),(6347,14,2247),(6348,14,2248),(6349,14,2249),(6350,14,2250),(6351,14,2251),(6352,14,2252),(6353,14,2253),(6354,14,2254),(6355,14,2255),(6356,14,2256),(6357,14,2257),(6358,14,2258),(6359,14,2259),(6360,14,2260),(6361,14,2261),(6362,14,2262),(6363,14,2263),(6364,14,2264),(6365,14,2265),(6366,14,2266),(6367,14,2267),(6368,14,2268),(6369,14,2269),(6370,14,2270),(6371,14,2271),(6372,14,2272),(6373,14,2273),(6374,14,2274),(6375,14,2275),(6376,14,2276),(6377,14,2277),(6378,14,2278),(6379,14,2279),(6380,14,2280),(6381,14,2281),(6382,14,2282),(6383,14,2283),(6384,14,2284),(6385,14,2285),(6386,14,2286),(6387,14,2287),(6388,14,2288),(6389,14,2289),(6390,14,2290),(6391,14,2291),(6392,14,2292),(6393,14,2293),(6394,14,2294),(6395,14,2295),(6396,14,2296),(6397,14,2297),(6398,14,2298),(6399,14,2299),(6400,14,2300),(6401,14,2301),(6402,14,2302),(6403,14,2303),(6404,14,2304),(6405,14,2305),(6406,14,2306),(6407,14,2307),(6408,14,2308),(6409,14,2309),(6410,14,2310),(6411,14,2311),(6412,14,2312),(6413,14,2313),(6414,14,2314),(6415,14,2315),(6416,14,2316),(6417,14,2317),(6418,14,2318),(6419,14,2319),(6420,14,2320),(6421,14,2321),(6422,14,2322),(6423,14,2323),(6424,14,2324),(6425,14,2325),(6426,14,2326),(6427,14,2327),(6428,14,2328),(6429,14,2329),(6430,14,2330),(6431,14,2331),(6432,14,2332),(6433,14,2333),(6434,14,2334),(6435,14,2335),(6436,14,2336),(6437,14,2337),(6438,14,2338),(6439,14,2339),(6440,14,2340),(6441,14,2341),(6442,14,2342),(6443,14,2343),(6444,14,2344),(6445,14,2345),(6446,14,2346),(6447,14,2347),(6448,14,2348),(6449,14,2349),(6450,14,2350),(6451,14,2351),(6452,14,2352),(6453,14,2353),(6454,14,2354),(6455,14,2355),(6456,14,2356),(6457,14,2357),(6458,14,2358),(6459,14,2359),(6460,14,2360),(6461,14,2361),(6462,14,2362),(6463,14,2363),(6464,14,2364),(6465,14,2365),(6466,14,2366),(6467,14,2367),(6468,14,2368),(6469,14,2369),(6470,14,2370),(6471,14,2371),(6472,14,2372),(6473,14,2373),(6474,14,2374),(6475,14,2375),(6476,14,2376),(6477,14,2377),(6478,14,2378),(6479,14,2379),(6480,14,2380),(6481,14,2381),(6482,14,2382),(6483,14,2383),(6484,14,2384),(6485,14,2385),(6486,14,2386),(6487,14,2387),(6488,14,2388),(6489,14,2389),(6490,14,2390),(6491,14,2391),(6492,14,2392),(6493,14,2393),(6494,14,2394),(6495,14,2395),(6496,14,2396),(6497,14,2397),(6498,14,2398),(6499,14,2399),(6500,14,2400),(6501,14,2401),(6502,14,2402),(6503,14,2403),(6504,14,2404),(6505,14,2405),(6506,14,2406),(6507,14,2407),(6508,14,2408),(6509,14,2409),(6510,14,2410),(6511,14,2411),(6512,14,2412),(6513,14,2413),(6514,14,2414),(6515,14,2415),(6516,14,2416),(6517,14,2417),(6518,14,2418),(6519,14,2419),(6520,14,2420),(6521,14,2421),(6522,14,2422),(6523,14,2423),(6524,14,2424),(6525,14,2425),(6526,14,2426),(6527,14,2427),(6528,14,2428),(6529,14,2429),(6530,14,2430),(6531,14,2431),(6532,14,2432),(6533,14,2433),(6534,14,2434),(6535,14,2435),(6536,14,2436),(6537,14,2437),(6538,14,2438),(6539,14,2439),(6540,14,2440),(6541,14,2441),(6542,14,2442),(6543,14,2443),(6544,14,2444),(6545,14,2445),(6546,14,2446),(6547,14,2447),(6548,14,2448),(6549,14,2449),(6550,14,2450),(6551,14,2451),(6552,14,2452),(6553,14,2453),(6554,14,2454),(6555,14,2455),(6556,14,2456),(6557,14,2457),(6558,14,2458),(6559,14,2459),(6560,14,2460),(6561,14,2461),(6562,14,2462),(6563,14,2463),(6564,14,2464),(6565,14,2465),(6566,14,2466),(6567,14,2467),(6568,14,2468),(6569,14,2469),(6570,14,2470),(6571,14,2471),(6572,14,2472),(6573,14,2473),(6574,14,2474),(6575,14,2475),(6576,14,2476),(6577,14,2477),(6578,14,2478),(6579,14,2479),(6580,14,2480),(6581,14,2481),(6582,14,2482),(6583,14,2483),(6584,14,2484),(6585,14,2485),(6586,14,2486),(6587,14,2487),(6588,14,2488),(6589,14,2489),(6590,14,2490),(6591,14,2491),(6592,14,2492),(6593,14,2493),(6594,14,2494),(6595,14,2495),(6596,14,2496),(6597,14,2497),(6598,14,2498),(6599,14,2499),(6600,14,2500),(6601,15,2501),(6602,15,2502),(6603,15,2503),(6604,15,2504),(6605,15,2505),(6606,15,2506),(6607,15,2507),(6608,15,2508),(6609,15,2509),(6610,15,2510),(6611,15,2511),(6612,15,2512),(6613,15,2513),(6614,15,2514),(6615,15,2515),(6616,15,2516),(6617,15,2517),(6618,15,2518),(6619,15,2519),(6620,15,2520),(6621,15,2521),(6622,15,2522),(6623,15,2523),(6624,15,2524),(6625,15,2525),(6626,15,2526),(6627,15,2527),(6628,15,2528),(6629,15,2529),(6630,15,2530),(6631,15,2531),(6632,15,2532),(6633,15,2533),(6634,15,2534),(6635,15,2535),(6636,15,2536),(6637,15,2537),(6638,15,2538),(6639,15,2539),(6640,15,2540),(6641,15,2541),(6642,15,2542),(6643,15,2543),(6644,15,2544),(6645,15,2545),(6646,15,2546),(6647,15,2547),(6648,15,2548),(6649,15,2549),(6650,15,2550),(6651,15,2551),(6652,15,2552),(6653,15,2553),(6654,15,2554),(6655,15,2555),(6656,15,2556),(6657,15,2557),(6658,15,2558),(6659,15,2559),(6660,15,2560),(6661,15,2561),(6662,15,2562),(6663,15,2563),(6664,15,2564),(6665,15,2565),(6666,15,2566),(6667,15,2567),(6668,15,2568),(6669,15,2569),(6670,15,2570),(6671,15,2571),(6672,15,2572),(6673,15,2573),(6674,15,2574),(6675,15,2575),(6676,15,2576),(6677,15,2577),(6678,15,2578),(6679,15,2579),(6680,15,2580),(6681,15,2581),(6682,15,2582),(6683,15,2583),(6684,15,2584),(6685,15,2585),(6686,15,2586),(6687,15,2587),(6688,15,2588),(6689,15,2589),(6690,15,2590),(6691,15,2591),(6692,15,2592),(6693,15,2593),(6694,15,2594),(6695,15,2595),(6696,15,2596),(6697,15,2597),(6698,15,2598),(6699,15,2599),(6700,15,2600),(6701,15,2601),(6702,15,2602),(6703,15,2603),(6704,15,2604),(6705,15,2605),(6706,15,2606),(6707,15,2607),(6708,15,2608),(6709,15,2609),(6710,15,2610),(6711,15,2611),(6712,15,2612),(6713,15,2613),(6714,15,2614),(6715,15,2615),(6716,15,2616),(6717,15,2617),(6718,15,2618),(6719,15,2619),(6720,15,2620),(6721,15,2621),(6722,15,2622),(6723,15,2623),(6724,15,2624),(6725,15,2625),(6726,15,2626),(6727,15,2627),(6728,15,2628),(6729,15,2629),(6730,15,2630),(6731,15,2631),(6732,15,2632),(6733,15,2633),(6734,15,2634),(6735,15,2635),(6736,15,2636),(6737,15,2637),(6738,15,2638),(6739,15,2639),(6740,15,2640),(6741,15,2641),(6742,15,2642),(6743,15,2643),(6744,15,2644),(6745,15,2645),(6746,15,2646),(6747,15,2647),(6748,15,2648),(6749,15,2649),(6750,15,2650),(6751,15,2651),(6752,15,2652),(6753,15,2653),(6754,15,2654),(6755,15,2655),(6756,15,2656),(6757,15,2657),(6758,15,2658),(6759,15,2659),(6760,15,2660),(6761,15,2661),(6762,15,2662),(6763,15,2663),(6764,15,2664),(6765,15,2665),(6766,15,2666),(6767,15,2667),(6768,15,2668),(6769,15,2669),(6770,15,2670),(6771,15,2671),(6772,15,2672),(6773,15,2673),(6774,15,2674),(6775,15,2675),(6776,15,2676),(6777,15,2677),(6778,15,2678),(6779,15,2679),(6780,15,2680),(6781,15,2681),(6782,15,2682),(6783,15,2683),(6784,15,2684),(6785,15,2685),(6786,15,2686),(6787,15,2687),(6788,15,2688),(6789,15,2689),(6790,15,2690),(6791,15,2691),(6792,15,2692),(6793,15,2693),(6794,15,2694),(6795,15,2695),(6796,15,2696),(6797,15,2697),(6798,15,2698),(6799,15,2699),(6800,15,2700),(6801,15,2701),(6802,15,2702),(6803,15,2703),(6804,15,2704),(6805,15,2705),(6806,15,2706),(6807,15,2707),(6808,15,2708),(6809,15,2709),(6810,15,2710),(6811,15,2711),(6812,15,2712),(6813,15,2713),(6814,15,2714),(6815,15,2715),(6816,15,2716),(6817,15,2717),(6818,15,2718),(6819,15,2719),(6820,15,2720),(6821,15,2721),(6822,15,2722),(6823,15,2723),(6824,15,2724),(6825,15,2725),(6826,15,2726),(6827,15,2727),(6828,15,2728),(6829,15,2729),(6830,15,2730),(6831,15,2731),(6832,15,2732),(6833,15,2733),(6834,15,2734),(6835,15,2735),(6836,15,2736),(6837,15,2737),(6838,15,2738),(6839,15,2739),(6840,15,2740),(6841,15,2741),(6842,15,2742),(6843,15,2743),(6844,15,2744),(6845,15,2745),(6846,15,2746),(6847,15,2747),(6848,15,2748),(6849,15,2749),(6850,15,2750),(6851,15,2751),(6852,15,2752),(6853,15,2753),(6854,15,2754),(6855,15,2755),(6856,15,2756),(6857,15,2757),(6858,15,2758),(6859,15,2759),(6860,15,2760),(6861,15,2761),(6862,15,2762),(6863,15,2763),(6864,15,2764),(6865,15,2765),(6866,15,2766),(6867,15,2767),(6868,15,2768),(6869,15,2769),(6870,15,2770),(6871,15,2771),(6872,15,2772),(6873,15,2773),(6874,15,2774),(6875,15,2775),(6876,15,2776),(6877,15,2777),(6878,15,2778),(6879,15,2779),(6880,15,2780),(6881,15,2781),(6882,15,2782),(6883,15,2783),(6884,15,2784),(6885,15,2785),(6886,15,2786),(6887,15,2787),(6888,15,2788),(6889,15,2789),(6890,15,2790),(6891,15,2791),(6892,15,2792),(6893,15,2793),(6894,15,2794),(6895,15,2795),(6896,15,2796),(6897,15,2797),(6898,15,2798),(6899,15,2799),(6900,15,2800),(6901,15,2801),(6902,15,2802),(6903,15,2803),(6904,15,2804),(6905,15,2805),(6906,15,2806),(6907,15,2807),(6908,15,2808),(6909,15,2809),(6910,15,2810),(6911,15,2811),(6912,15,2812),(6913,15,2813),(6914,15,2814),(6915,15,2815),(6916,15,2816),(6917,15,2817),(6918,15,2818),(6919,15,2819),(6920,15,2820),(6921,15,2821),(6922,15,2822),(6923,15,2823),(6924,15,2824),(6925,15,2825),(6926,15,2826),(6927,15,2827),(6928,15,2828),(6929,15,2829),(6930,15,2830),(6931,15,2831),(6932,15,2832),(6933,15,2833),(6934,15,2834),(6935,15,2835),(6936,15,2836),(6937,15,2837),(6938,15,2838),(6939,15,2839),(6940,15,2840),(6941,15,2841),(6942,15,2842),(6943,15,2843),(6944,15,2844),(6945,15,2845),(6946,15,2846),(6947,15,2847),(6948,15,2848),(6949,15,2849),(6950,15,2850),(6951,15,2851),(6952,15,2852),(6953,15,2853),(6954,15,2854),(6955,15,2855),(6956,15,2856),(6957,15,2857),(6958,15,2858),(6959,15,2859),(6960,15,2860),(6961,15,2861),(6962,15,2862),(6963,15,2863),(6964,15,2864),(6965,15,2865),(6966,15,2866),(6967,15,2867),(6968,15,2868),(6969,15,2869),(6970,15,2870),(6971,15,2871),(6972,15,2872),(6973,15,2873),(6974,15,2874),(6975,15,2875),(6976,15,2876),(6977,15,2877),(6978,15,2878),(6979,15,2879),(6980,15,2880),(6981,15,2881),(6982,15,2882),(6983,15,2883),(6984,15,2884),(6985,15,2885),(6986,15,2886),(6987,15,2887),(6988,15,2888),(6989,15,2889),(6990,15,2890),(6991,15,2891),(6992,15,2892),(6993,15,2893),(6994,15,2894),(6995,15,2895),(6996,15,2896),(6997,15,2897),(6998,15,2898),(6999,15,2899),(7000,15,2900),(7001,15,2901),(7002,15,2902),(7003,15,2903),(7004,15,2904),(7005,15,2905),(7006,15,2906),(7007,15,2907),(7008,15,2908),(7009,15,2909),(7010,15,2910),(7011,15,2911),(7012,15,2912),(7013,15,2913),(7014,15,2914),(7015,15,2915),(7016,15,2916),(7017,15,2917),(7018,15,2918),(7019,15,2919),(7020,15,2920),(7021,15,2921),(7022,15,2922),(7023,15,2923),(7024,15,2924),(7025,15,2925),(7026,15,2926),(7027,15,2927),(7028,15,2928),(7029,15,2929),(7030,15,2930),(7031,15,2931),(7032,15,2932),(7033,15,2933),(7034,15,2934),(7035,15,2935),(7036,15,2936),(7037,15,2937),(7038,15,2938),(7039,15,2939),(7040,15,2940),(7041,15,2941),(7042,15,2942),(7043,15,2943),(7044,15,2944),(7045,15,2945),(7046,15,2946),(7047,15,2947),(7048,15,2948),(7049,15,2949),(7050,15,2950),(7051,15,2951),(7052,15,2952),(7053,15,2953),(7054,15,2954),(7055,15,2955),(7056,15,2956),(7057,15,2957),(7058,15,2958),(7059,15,2959),(7060,15,2960),(7061,15,2961),(7062,15,2962),(7063,15,2963),(7064,15,2964),(7065,15,2965),(7066,15,2966),(7067,15,2967),(7068,15,2968),(7069,15,2969),(7070,15,2970),(7071,15,2971),(7072,15,2972),(7073,15,2973),(7074,15,2974),(7075,15,2975),(7076,15,2976),(7077,15,2977),(7078,15,2978),(7079,15,2979),(7080,15,2980),(7081,15,2981),(7082,15,2982),(7083,15,2983),(7084,15,2984),(7085,15,2985),(7086,15,2986),(7087,15,2987),(7088,15,2988),(7089,15,2989),(7090,15,2990),(7091,15,2991),(7092,15,2992),(7093,15,2993),(7094,15,2994),(7095,15,2995),(7096,15,2996),(7097,15,2997),(7098,15,2998),(7099,15,2999),(7100,15,3000),(7101,16,2501),(7102,16,2502),(7103,16,2503),(7104,16,2504),(7105,16,2505),(7106,16,2506),(7107,16,2507),(7108,16,2508),(7109,16,2509),(7110,16,2510),(7111,16,2511),(7112,16,2512),(7113,16,2513),(7114,16,2514),(7115,16,2515),(7116,16,2516),(7117,16,2517),(7118,16,2518),(7119,16,2519),(7120,16,2520),(7121,16,2521),(7122,16,2522),(7123,16,2523),(7124,16,2524),(7125,16,2525),(7126,16,2526),(7127,16,2527),(7128,16,2528),(7129,16,2529),(7130,16,2530),(7131,16,2531),(7132,16,2532),(7133,16,2533),(7134,16,2534),(7135,16,2535),(7136,16,2536),(7137,16,2537),(7138,16,2538),(7139,16,2539),(7140,16,2540),(7141,16,2541),(7142,16,2542),(7143,16,2543),(7144,16,2544),(7145,16,2545),(7146,16,2546),(7147,16,2547),(7148,16,2548),(7149,16,2549),(7150,16,2550),(7151,16,2551),(7152,16,2552),(7153,16,2553),(7154,16,2554),(7155,16,2555),(7156,16,2556),(7157,16,2557),(7158,16,2558),(7159,16,2559),(7160,16,2560),(7161,16,2561),(7162,16,2562),(7163,16,2563),(7164,16,2564),(7165,16,2565),(7166,16,2566),(7167,16,2567),(7168,16,2568),(7169,16,2569),(7170,16,2570),(7171,16,2571),(7172,16,2572),(7173,16,2573),(7174,16,2574),(7175,16,2575),(7176,16,2576),(7177,16,2577),(7178,16,2578),(7179,16,2579),(7180,16,2580),(7181,16,2581),(7182,16,2582),(7183,16,2583),(7184,16,2584),(7185,16,2585),(7186,16,2586),(7187,16,2587),(7188,16,2588),(7189,16,2589),(7190,16,2590),(7191,16,2591),(7192,16,2592),(7193,16,2593),(7194,16,2594),(7195,16,2595),(7196,16,2596),(7197,16,2597),(7198,16,2598),(7199,16,2599),(7200,16,2600),(7201,16,2601),(7202,16,2602),(7203,16,2603),(7204,16,2604),(7205,16,2605),(7206,16,2606),(7207,16,2607),(7208,16,2608),(7209,16,2609),(7210,16,2610),(7211,16,2611),(7212,16,2612),(7213,16,2613),(7214,16,2614),(7215,16,2615),(7216,16,2616),(7217,16,2617),(7218,16,2618),(7219,16,2619),(7220,16,2620),(7221,16,2621),(7222,16,2622),(7223,16,2623),(7224,16,2624),(7225,16,2625),(7226,16,2626),(7227,16,2627),(7228,16,2628),(7229,16,2629),(7230,16,2630),(7231,16,2631),(7232,16,2632),(7233,16,2633),(7234,16,2634),(7235,16,2635),(7236,16,2636),(7237,16,2637),(7238,16,2638),(7239,16,2639),(7240,16,2640),(7241,16,2641),(7242,16,2642),(7243,16,2643),(7244,16,2644),(7245,16,2645),(7246,16,2646),(7247,16,2647),(7248,16,2648),(7249,16,2649),(7250,16,2650),(7251,16,2651),(7252,16,2652),(7253,16,2653),(7254,16,2654),(7255,16,2655),(7256,16,2656),(7257,16,2657),(7258,16,2658),(7259,16,2659),(7260,16,2660),(7261,16,2661),(7262,16,2662),(7263,16,2663),(7264,16,2664),(7265,16,2665),(7266,16,2666),(7267,16,2667),(7268,16,2668),(7269,16,2669),(7270,16,2670),(7271,16,2671),(7272,16,2672),(7273,16,2673),(7274,16,2674),(7275,16,2675),(7276,16,2676),(7277,16,2677),(7278,16,2678),(7279,16,2679),(7280,16,2680),(7281,16,2681),(7282,16,2682),(7283,16,2683),(7284,16,2684),(7285,16,2685),(7286,16,2686),(7287,16,2687),(7288,16,2688),(7289,16,2689),(7290,16,2690),(7291,16,2691),(7292,16,2692),(7293,16,2693),(7294,16,2694),(7295,16,2695),(7296,16,2696),(7297,16,2697),(7298,16,2698),(7299,16,2699),(7300,16,2700),(7301,16,2701),(7302,16,2702),(7303,16,2703),(7304,16,2704),(7305,16,2705),(7306,16,2706),(7307,16,2707),(7308,16,2708),(7309,16,2709),(7310,16,2710),(7311,16,2711),(7312,16,2712),(7313,16,2713),(7314,16,2714),(7315,16,2715),(7316,16,2716),(7317,16,2717),(7318,16,2718),(7319,16,2719),(7320,16,2720),(7321,16,2721),(7322,16,2722),(7323,16,2723),(7324,16,2724),(7325,16,2725),(7326,16,2726),(7327,16,2727),(7328,16,2728),(7329,16,2729),(7330,16,2730),(7331,16,2731),(7332,16,2732),(7333,16,2733),(7334,16,2734),(7335,16,2735),(7336,16,2736),(7337,16,2737),(7338,16,2738),(7339,16,2739),(7340,16,2740),(7341,16,2741),(7342,16,2742),(7343,16,2743),(7344,16,2744),(7345,16,2745),(7346,16,2746),(7347,16,2747),(7348,16,2748),(7349,16,2749),(7350,16,2750),(7351,16,2751),(7352,16,2752),(7353,16,2753),(7354,16,2754),(7355,16,2755),(7356,16,2756),(7357,16,2757),(7358,16,2758),(7359,16,2759),(7360,16,2760),(7361,16,2761),(7362,16,2762),(7363,16,2763),(7364,16,2764),(7365,16,2765),(7366,16,2766),(7367,16,2767),(7368,16,2768),(7369,16,2769),(7370,16,2770),(7371,16,2771),(7372,16,2772),(7373,16,2773),(7374,16,2774),(7375,16,2775),(7376,16,2776),(7377,16,2777),(7378,16,2778),(7379,16,2779),(7380,16,2780),(7381,16,2781),(7382,16,2782),(7383,16,2783),(7384,16,2784),(7385,16,2785),(7386,16,2786),(7387,16,2787),(7388,16,2788),(7389,16,2789),(7390,16,2790),(7391,16,2791),(7392,16,2792),(7393,16,2793),(7394,16,2794),(7395,16,2795),(7396,16,2796),(7397,16,2797),(7398,16,2798),(7399,16,2799),(7400,16,2800),(7401,16,2801),(7402,16,2802),(7403,16,2803),(7404,16,2804),(7405,16,2805),(7406,16,2806),(7407,16,2807),(7408,16,2808),(7409,16,2809),(7410,16,2810),(7411,16,2811),(7412,16,2812),(7413,16,2813),(7414,16,2814),(7415,16,2815),(7416,16,2816),(7417,16,2817),(7418,16,2818),(7419,16,2819),(7420,16,2820),(7421,16,2821),(7422,16,2822),(7423,16,2823),(7424,16,2824),(7425,16,2825),(7426,16,2826),(7427,16,2827),(7428,16,2828),(7429,16,2829),(7430,16,2830),(7431,16,2831),(7432,16,2832),(7433,16,2833),(7434,16,2834),(7435,16,2835),(7436,16,2836),(7437,16,2837),(7438,16,2838),(7439,16,2839),(7440,16,2840),(7441,16,2841),(7442,16,2842),(7443,16,2843),(7444,16,2844),(7445,16,2845),(7446,16,2846),(7447,16,2847),(7448,16,2848),(7449,16,2849),(7450,16,2850),(7451,16,2851),(7452,16,2852),(7453,16,2853),(7454,16,2854),(7455,16,2855),(7456,16,2856),(7457,16,2857),(7458,16,2858),(7459,16,2859),(7460,16,2860),(7461,16,2861),(7462,16,2862),(7463,16,2863),(7464,16,2864),(7465,16,2865),(7466,16,2866),(7467,16,2867),(7468,16,2868),(7469,16,2869),(7470,16,2870),(7471,16,2871),(7472,16,2872),(7473,16,2873),(7474,16,2874),(7475,16,2875),(7476,16,2876),(7477,16,2877),(7478,16,2878),(7479,16,2879),(7480,16,2880),(7481,16,2881),(7482,16,2882),(7483,16,2883),(7484,16,2884),(7485,16,2885),(7486,16,2886),(7487,16,2887),(7488,16,2888),(7489,16,2889),(7490,16,2890),(7491,16,2891),(7492,16,2892),(7493,16,2893),(7494,16,2894),(7495,16,2895),(7496,16,2896),(7497,16,2897),(7498,16,2898),(7499,16,2899),(7500,16,2900),(7501,16,2901),(7502,16,2902),(7503,16,2903),(7504,16,2904),(7505,16,2905),(7506,16,2906),(7507,16,2907),(7508,16,2908),(7509,16,2909),(7510,16,2910),(7511,16,2911),(7512,16,2912),(7513,16,2913),(7514,16,2914),(7515,16,2915),(7516,16,2916),(7517,16,2917),(7518,16,2918),(7519,16,2919),(7520,16,2920),(7521,16,2921),(7522,16,2922),(7523,16,2923),(7524,16,2924),(7525,16,2925),(7526,16,2926),(7527,16,2927),(7528,16,2928),(7529,16,2929),(7530,16,2930),(7531,16,2931),(7532,16,2932),(7533,16,2933),(7534,16,2934),(7535,16,2935),(7536,16,2936),(7537,16,2937),(7538,16,2938),(7539,16,2939),(7540,16,2940),(7541,16,2941),(7542,16,2942),(7543,16,2943),(7544,16,2944),(7545,16,2945),(7546,16,2946),(7547,16,2947),(7548,16,2948),(7549,16,2949),(7550,16,2950),(7551,16,2951),(7552,16,2952),(7553,16,2953),(7554,16,2954),(7555,16,2955),(7556,16,2956),(7557,16,2957),(7558,16,2958),(7559,16,2959),(7560,16,2960),(7561,16,2961),(7562,16,2962),(7563,16,2963),(7564,16,2964),(7565,16,2965),(7566,16,2966),(7567,16,2967),(7568,16,2968),(7569,16,2969),(7570,16,2970),(7571,16,2971),(7572,16,2972),(7573,16,2973),(7574,16,2974),(7575,16,2975),(7576,16,2976),(7577,16,2977),(7578,16,2978),(7579,16,2979),(7580,16,2980),(7581,16,2981),(7582,16,2982),(7583,16,2983),(7584,16,2984),(7585,16,2985),(7586,16,2986),(7587,16,2987),(7588,16,2988),(7589,16,2989),(7590,16,2990),(7591,16,2991),(7592,16,2992),(7593,16,2993),(7594,16,2994),(7595,16,2995),(7596,16,2996),(7597,16,2997),(7598,16,2998),(7599,16,2999),(7600,16,3000),(7601,17,101),(7602,17,102),(7603,17,103),(7604,17,104),(7605,17,105),(7606,17,106),(7607,17,107),(7608,17,108),(7609,17,109),(7610,17,110),(7611,17,111),(7612,17,112),(7613,17,113),(7614,17,114),(7615,17,115),(7616,17,116),(7617,17,117),(7618,17,118),(7619,17,119),(7620,17,120),(7621,17,121),(7622,17,122),(7623,17,123),(7624,17,124),(7625,17,125),(7626,17,126),(7627,17,127),(7628,17,128),(7629,17,129),(7630,17,130),(7631,17,131),(7632,17,132),(7633,17,133),(7634,17,134),(7635,17,135),(7636,17,136),(7637,17,137),(7638,17,138),(7639,17,139),(7640,17,140),(7641,17,141),(7642,17,142),(7643,17,143),(7644,17,144),(7645,17,145),(7646,17,146),(7647,17,147),(7648,17,148),(7649,17,149),(7650,17,150),(7651,17,151),(7652,17,152),(7653,17,153),(7654,17,154),(7655,17,155),(7656,17,156),(7657,17,157),(7658,17,158),(7659,17,159),(7660,17,160),(7661,17,161),(7662,17,162),(7663,17,163),(7664,17,164),(7665,17,165),(7666,17,166),(7667,17,167),(7668,17,168),(7669,17,169),(7670,17,170),(7671,17,171),(7672,17,172),(7673,17,173),(7674,17,174),(7675,17,175),(7676,17,176),(7677,17,177),(7678,17,178),(7679,17,179),(7680,17,180),(7681,17,181),(7682,17,182),(7683,17,183),(7684,17,184),(7685,17,185),(7686,17,186),(7687,17,187),(7688,17,188),(7689,17,189),(7690,17,190),(7691,17,191),(7692,17,192),(7693,17,193),(7694,17,194),(7695,17,195),(7696,17,196),(7697,17,197),(7698,17,198),(7699,17,199),(7700,17,200),(7701,17,201),(7702,17,202),(7703,17,203),(7704,17,204),(7705,17,205),(7706,17,206),(7707,17,207),(7708,17,208),(7709,17,209),(7710,17,210),(7711,17,211),(7712,17,212),(7713,17,213),(7714,17,214),(7715,17,215),(7716,17,216),(7717,17,217),(7718,17,218),(7719,17,219),(7720,17,220),(7721,17,221),(7722,17,222),(7723,17,223),(7724,17,224),(7725,17,225),(7726,17,226),(7727,17,227),(7728,17,228),(7729,17,229),(7730,17,230),(7731,17,231),(7732,17,232),(7733,17,233),(7734,17,234),(7735,17,235),(7736,17,236),(7737,17,237),(7738,17,238),(7739,17,239),(7740,17,240),(7741,17,241),(7742,17,242),(7743,17,243),(7744,17,244),(7745,17,245),(7746,17,246),(7747,17,247),(7748,17,248),(7749,17,249),(7750,17,250),(7751,17,251),(7752,17,252),(7753,17,253),(7754,17,254),(7755,17,255),(7756,17,256),(7757,17,257),(7758,17,258),(7759,17,259),(7760,17,260),(7761,17,261),(7762,17,262),(7763,17,263),(7764,17,264),(7765,17,265),(7766,17,266),(7767,17,267),(7768,17,268),(7769,17,269),(7770,17,270),(7771,17,271),(7772,17,272),(7773,17,273),(7774,17,274),(7775,17,275),(7776,17,276),(7777,17,277),(7778,17,278),(7779,17,279),(7780,17,280),(7781,17,281),(7782,17,282),(7783,17,283),(7784,17,284),(7785,17,285),(7786,17,286),(7787,17,287),(7788,17,288),(7789,17,289),(7790,17,290),(7791,17,291),(7792,17,292),(7793,17,293),(7794,17,294),(7795,17,295),(7796,17,296),(7797,17,297),(7798,17,298),(7799,17,299),(7800,17,300),(7801,17,301),(7802,17,302),(7803,17,303),(7804,17,304),(7805,17,305),(7806,17,306),(7807,17,307),(7808,17,308),(7809,17,309),(7810,17,310),(7811,17,311),(7812,17,312),(7813,17,313),(7814,17,314),(7815,17,315),(7816,17,316),(7817,17,317),(7818,17,318),(7819,17,319),(7820,17,320),(7821,17,321),(7822,17,322),(7823,17,323),(7824,17,324),(7825,17,325),(7826,17,326),(7827,17,327),(7828,17,328),(7829,17,329),(7830,17,330),(7831,17,331),(7832,17,332),(7833,17,333),(7834,17,334),(7835,17,335),(7836,17,336),(7837,17,337),(7838,17,338),(7839,17,339),(7840,17,340),(7841,17,341),(7842,17,342),(7843,17,343),(7844,17,344),(7845,17,345),(7846,17,346),(7847,17,347),(7848,17,348),(7849,17,349),(7850,17,350),(7851,17,351),(7852,17,352),(7853,17,353),(7854,17,354),(7855,17,355),(7856,17,356),(7857,17,357),(7858,17,358),(7859,17,359),(7860,17,360),(7861,17,361),(7862,17,362),(7863,17,363),(7864,17,364),(7865,17,365),(7866,17,366),(7867,17,367),(7868,17,368),(7869,17,369),(7870,17,370),(7871,17,371),(7872,17,372),(7873,17,373),(7874,17,374),(7875,17,375),(7876,17,376),(7877,17,377),(7878,17,378),(7879,17,379),(7880,17,380),(7881,17,381),(7882,17,382),(7883,17,383),(7884,17,384),(7885,17,385),(7886,17,386),(7887,17,387),(7888,17,388),(7889,17,389),(7890,17,390),(7891,17,391),(7892,17,392),(7893,17,393),(7894,17,394),(7895,17,395),(7896,17,396),(7897,17,397),(7898,17,398),(7899,17,399),(7900,17,400),(7901,17,401),(7902,17,402),(7903,17,403),(7904,17,404),(7905,17,405),(7906,17,406),(7907,17,407),(7908,17,408),(7909,17,409),(7910,17,410),(7911,17,411),(7912,17,412),(7913,17,413),(7914,17,414),(7915,17,415),(7916,17,416),(7917,17,417),(7918,17,418),(7919,17,419),(7920,17,420),(7921,17,421),(7922,17,422),(7923,17,423),(7924,17,424),(7925,17,425),(7926,17,426),(7927,17,427),(7928,17,428),(7929,17,429),(7930,17,430),(7931,17,431),(7932,17,432),(7933,17,433),(7934,17,434),(7935,17,435),(7936,17,436),(7937,17,437),(7938,17,438),(7939,17,439),(7940,17,440),(7941,17,441),(7942,17,442),(7943,17,443),(7944,17,444),(7945,17,445),(7946,17,446),(7947,17,447),(7948,17,448),(7949,17,449),(7950,17,450),(7951,17,451),(7952,17,452),(7953,17,453),(7954,17,454),(7955,17,455),(7956,17,456),(7957,17,457),(7958,17,458),(7959,17,459),(7960,17,460),(7961,17,461),(7962,17,462),(7963,17,463),(7964,17,464),(7965,17,465),(7966,17,466),(7967,17,467),(7968,17,468),(7969,17,469),(7970,17,470),(7971,17,471),(7972,17,472),(7973,17,473),(7974,17,474),(7975,17,475),(7976,17,476),(7977,17,477),(7978,17,478),(7979,17,479),(7980,17,480),(7981,17,481),(7982,17,482),(7983,17,483),(7984,17,484),(7985,17,485),(7986,17,486),(7987,17,487),(7988,17,488),(7989,17,489),(7990,17,490),(7991,17,491),(7992,17,492),(7993,17,493),(7994,17,494),(7995,17,495),(7996,17,496),(7997,17,497),(7998,17,498),(7999,17,499),(8000,17,500),(8001,17,501),(8002,17,502),(8003,17,503),(8004,17,504),(8005,17,505),(8006,17,506),(8007,17,507),(8008,17,508),(8009,17,509),(8010,17,510),(8011,17,511),(8012,17,512),(8013,17,513),(8014,17,514),(8015,17,515),(8016,17,516),(8017,17,517),(8018,17,518),(8019,17,519),(8020,17,520),(8021,17,521),(8022,17,522),(8023,17,523),(8024,17,524),(8025,17,525),(8026,17,526),(8027,17,527),(8028,17,528),(8029,17,529),(8030,17,530),(8031,17,531),(8032,17,532),(8033,17,533),(8034,17,534),(8035,17,535),(8036,17,536),(8037,17,537),(8038,17,538),(8039,17,539),(8040,17,540),(8041,17,541),(8042,17,542),(8043,17,543),(8044,17,544),(8045,17,545),(8046,17,546),(8047,17,547),(8048,17,548),(8049,17,549),(8050,17,550),(8051,17,551),(8052,17,552),(8053,17,553),(8054,17,554),(8055,17,555),(8056,17,556),(8057,17,557),(8058,17,558),(8059,17,559),(8060,17,560),(8061,17,561),(8062,17,562),(8063,17,563),(8064,17,564),(8065,17,565),(8066,17,566),(8067,17,567),(8068,17,568),(8069,17,569),(8070,17,570),(8071,17,571),(8072,17,572),(8073,17,573),(8074,17,574),(8075,17,575),(8076,17,576),(8077,17,577),(8078,17,578),(8079,17,579),(8080,17,580),(8081,17,581),(8082,17,582),(8083,17,583),(8084,17,584),(8085,17,585),(8086,17,586),(8087,17,587),(8088,17,588),(8089,17,589),(8090,17,590),(8091,17,591),(8092,17,592),(8093,17,593),(8094,17,594),(8095,17,595),(8096,17,596),(8097,17,597),(8098,17,598),(8099,17,599),(8100,17,600),(8101,18,1501),(8102,18,1502),(8103,18,1503),(8104,18,1504),(8105,18,1505),(8106,18,1506),(8107,18,1507),(8108,18,1508),(8109,18,1509),(8110,18,1510),(8111,18,1511),(8112,18,1512),(8113,18,1513),(8114,18,1514),(8115,18,1515),(8116,18,1516),(8117,18,1517),(8118,18,1518),(8119,18,1519),(8120,18,1520),(8121,18,1521),(8122,18,1522),(8123,18,1523),(8124,18,1524),(8125,18,1525),(8126,18,1526),(8127,18,1527),(8128,18,1528),(8129,18,1529),(8130,18,1530),(8131,18,1531),(8132,18,1532),(8133,18,1533),(8134,18,1534),(8135,18,1535),(8136,18,1536),(8137,18,1537),(8138,18,1538),(8139,18,1539),(8140,18,1540),(8141,18,1541),(8142,18,1542),(8143,18,1543),(8144,18,1544),(8145,18,1545),(8146,18,1546),(8147,18,1547),(8148,18,1548),(8149,18,1549),(8150,18,1550),(8151,18,1551),(8152,18,1552),(8153,18,1553),(8154,18,1554),(8155,18,1555),(8156,18,1556),(8157,18,1557),(8158,18,1558),(8159,18,1559),(8160,18,1560),(8161,18,1561),(8162,18,1562),(8163,18,1563),(8164,18,1564),(8165,18,1565),(8166,18,1566),(8167,18,1567),(8168,18,1568),(8169,18,1569),(8170,18,1570),(8171,18,1571),(8172,18,1572),(8173,18,1573),(8174,18,1574),(8175,18,1575),(8176,18,1576),(8177,18,1577),(8178,18,1578),(8179,18,1579),(8180,18,1580),(8181,18,1581),(8182,18,1582),(8183,18,1583),(8184,18,1584),(8185,18,1585),(8186,18,1586),(8187,18,1587),(8188,18,1588),(8189,18,1589),(8190,18,1590),(8191,18,1591),(8192,18,1592),(8193,18,1593),(8194,18,1594),(8195,18,1595),(8196,18,1596),(8197,18,1597),(8198,18,1598),(8199,18,1599),(8200,18,1600),(8201,18,1601),(8202,18,1602),(8203,18,1603),(8204,18,1604),(8205,18,1605),(8206,18,1606),(8207,18,1607),(8208,18,1608),(8209,18,1609),(8210,18,1610),(8211,18,1611),(8212,18,1612),(8213,18,1613),(8214,18,1614),(8215,18,1615),(8216,18,1616),(8217,18,1617),(8218,18,1618),(8219,18,1619),(8220,18,1620),(8221,18,1621),(8222,18,1622),(8223,18,1623),(8224,18,1624),(8225,18,1625),(8226,18,1626),(8227,18,1627),(8228,18,1628),(8229,18,1629),(8230,18,1630),(8231,18,1631),(8232,18,1632),(8233,18,1633),(8234,18,1634),(8235,18,1635),(8236,18,1636),(8237,18,1637),(8238,18,1638),(8239,18,1639),(8240,18,1640),(8241,18,1641),(8242,18,1642),(8243,18,1643),(8244,18,1644),(8245,18,1645),(8246,18,1646),(8247,18,1647),(8248,18,1648),(8249,18,1649),(8250,18,1650),(8251,18,1651),(8252,18,1652),(8253,18,1653),(8254,18,1654),(8255,18,1655),(8256,18,1656),(8257,18,1657),(8258,18,1658),(8259,18,1659),(8260,18,1660),(8261,18,1661),(8262,18,1662),(8263,18,1663),(8264,18,1664),(8265,18,1665),(8266,18,1666),(8267,18,1667),(8268,18,1668),(8269,18,1669),(8270,18,1670),(8271,18,1671),(8272,18,1672),(8273,18,1673),(8274,18,1674),(8275,18,1675),(8276,18,1676),(8277,18,1677),(8278,18,1678),(8279,18,1679),(8280,18,1680),(8281,18,1681),(8282,18,1682),(8283,18,1683),(8284,18,1684),(8285,18,1685),(8286,18,1686),(8287,18,1687),(8288,18,1688),(8289,18,1689),(8290,18,1690),(8291,18,1691),(8292,18,1692),(8293,18,1693),(8294,18,1694),(8295,18,1695),(8296,18,1696),(8297,18,1697),(8298,18,1698),(8299,18,1699),(8300,18,1700),(8301,18,1701),(8302,18,1702),(8303,18,1703),(8304,18,1704),(8305,18,1705),(8306,18,1706),(8307,18,1707),(8308,18,1708),(8309,18,1709),(8310,18,1710),(8311,18,1711),(8312,18,1712),(8313,18,1713),(8314,18,1714),(8315,18,1715),(8316,18,1716),(8317,18,1717),(8318,18,1718),(8319,18,1719),(8320,18,1720),(8321,18,1721),(8322,18,1722),(8323,18,1723),(8324,18,1724),(8325,18,1725),(8326,18,1726),(8327,18,1727),(8328,18,1728),(8329,18,1729),(8330,18,1730),(8331,18,1731),(8332,18,1732),(8333,18,1733),(8334,18,1734),(8335,18,1735),(8336,18,1736),(8337,18,1737),(8338,18,1738),(8339,18,1739),(8340,18,1740),(8341,18,1741),(8342,18,1742),(8343,18,1743),(8344,18,1744),(8345,18,1745),(8346,18,1746),(8347,18,1747),(8348,18,1748),(8349,18,1749),(8350,18,1750),(8351,18,1751),(8352,18,1752),(8353,18,1753),(8354,18,1754),(8355,18,1755),(8356,18,1756),(8357,18,1757),(8358,18,1758),(8359,18,1759),(8360,18,1760),(8361,18,1761),(8362,18,1762),(8363,18,1763),(8364,18,1764),(8365,18,1765),(8366,18,1766),(8367,18,1767),(8368,18,1768),(8369,18,1769),(8370,18,1770),(8371,18,1771),(8372,18,1772),(8373,18,1773),(8374,18,1774),(8375,18,1775),(8376,18,1776),(8377,18,1777),(8378,18,1778),(8379,18,1779),(8380,18,1780),(8381,18,1781),(8382,18,1782),(8383,18,1783),(8384,18,1784),(8385,18,1785),(8386,18,1786),(8387,18,1787),(8388,18,1788),(8389,18,1789),(8390,18,1790),(8391,18,1791),(8392,18,1792),(8393,18,1793),(8394,18,1794),(8395,18,1795),(8396,18,1796),(8397,18,1797),(8398,18,1798),(8399,18,1799),(8400,18,1800),(8401,18,1801),(8402,18,1802),(8403,18,1803),(8404,18,1804),(8405,18,1805),(8406,18,1806),(8407,18,1807),(8408,18,1808),(8409,18,1809),(8410,18,1810),(8411,18,1811),(8412,18,1812),(8413,18,1813),(8414,18,1814),(8415,18,1815),(8416,18,1816),(8417,18,1817),(8418,18,1818),(8419,18,1819),(8420,18,1820),(8421,18,1821),(8422,18,1822),(8423,18,1823),(8424,18,1824),(8425,18,1825),(8426,18,1826),(8427,18,1827),(8428,18,1828),(8429,18,1829),(8430,18,1830),(8431,18,1831),(8432,18,1832),(8433,18,1833),(8434,18,1834),(8435,18,1835),(8436,18,1836),(8437,18,1837),(8438,18,1838),(8439,18,1839),(8440,18,1840),(8441,18,1841),(8442,18,1842),(8443,18,1843),(8444,18,1844),(8445,18,1845),(8446,18,1846),(8447,18,1847),(8448,18,1848),(8449,18,1849),(8450,18,1850),(8451,18,1851),(8452,18,1852),(8453,18,1853),(8454,18,1854),(8455,18,1855),(8456,18,1856),(8457,18,1857),(8458,18,1858),(8459,18,1859),(8460,18,1860),(8461,18,1861),(8462,18,1862),(8463,18,1863),(8464,18,1864),(8465,18,1865),(8466,18,1866),(8467,18,1867),(8468,18,1868),(8469,18,1869),(8470,18,1870),(8471,18,1871),(8472,18,1872),(8473,18,1873),(8474,18,1874),(8475,18,1875),(8476,18,1876),(8477,18,1877),(8478,18,1878),(8479,18,1879),(8480,18,1880),(8481,18,1881),(8482,18,1882),(8483,18,1883),(8484,18,1884),(8485,18,1885),(8486,18,1886),(8487,18,1887),(8488,18,1888),(8489,18,1889),(8490,18,1890),(8491,18,1891),(8492,18,1892),(8493,18,1893),(8494,18,1894),(8495,18,1895),(8496,18,1896),(8497,18,1897),(8498,18,1898),(8499,18,1899),(8500,18,1900),(8501,18,1901),(8502,18,1902),(8503,18,1903),(8504,18,1904),(8505,18,1905),(8506,18,1906),(8507,18,1907),(8508,18,1908),(8509,18,1909),(8510,18,1910),(8511,18,1911),(8512,18,1912),(8513,18,1913),(8514,18,1914),(8515,18,1915),(8516,18,1916),(8517,18,1917),(8518,18,1918),(8519,18,1919),(8520,18,1920),(8521,18,1921),(8522,18,1922),(8523,18,1923),(8524,18,1924),(8525,18,1925),(8526,18,1926),(8527,18,1927),(8528,18,1928),(8529,18,1929),(8530,18,1930),(8531,18,1931),(8532,18,1932),(8533,18,1933),(8534,18,1934),(8535,18,1935),(8536,18,1936),(8537,18,1937),(8538,18,1938),(8539,18,1939),(8540,18,1940),(8541,18,1941),(8542,18,1942),(8543,18,1943),(8544,18,1944),(8545,18,1945),(8546,18,1946),(8547,18,1947),(8548,18,1948),(8549,18,1949),(8550,18,1950),(8551,18,1951),(8552,18,1952),(8553,18,1953),(8554,18,1954),(8555,18,1955),(8556,18,1956),(8557,18,1957),(8558,18,1958),(8559,18,1959),(8560,18,1960),(8561,18,1961),(8562,18,1962),(8563,18,1963),(8564,18,1964),(8565,18,1965),(8566,18,1966),(8567,18,1967),(8568,18,1968),(8569,18,1969),(8570,18,1970),(8571,18,1971),(8572,18,1972),(8573,18,1973),(8574,18,1974),(8575,18,1975),(8576,18,1976),(8577,18,1977),(8578,18,1978),(8579,18,1979),(8580,18,1980),(8581,18,1981),(8582,18,1982),(8583,18,1983),(8584,18,1984),(8585,18,1985),(8586,18,1986),(8587,18,1987),(8588,18,1988),(8589,18,1989),(8590,18,1990),(8591,18,1991),(8592,18,1992),(8593,18,1993),(8594,18,1994),(8595,18,1995),(8596,18,1996),(8597,18,1997),(8598,18,1998),(8599,18,1999),(8600,18,2000);

/*Table structure for table `sign` */

DROP TABLE IF EXISTS `sign`;

CREATE TABLE `sign` (
  `sign_id` int(11) NOT NULL AUTO_INCREMENT,
  `sign_day` date NOT NULL,
  `reward_num` int(11) NOT NULL,
  PRIMARY KEY (`sign_id`)
) ENGINE=InnoDB AUTO_INCREMENT=8 DEFAULT CHARSET=utf8;

/*Data for the table `sign` */

insert  into `sign`(`sign_id`,`sign_day`,`reward_num`) values (1,'2020-07-06',2),(2,'2020-07-07',3),(3,'2020-07-08',4),(4,'2020-07-09',5),(5,'2020-07-10',6),(6,'2020-07-11',8),(7,'2020-07-12',10);

/*Table structure for table `sign_detail` */

DROP TABLE IF EXISTS `sign_detail`;

CREATE TABLE `sign_detail` (
  `sign_detail_id` int(11) NOT NULL AUTO_INCREMENT,
  `user_id` int(11) DEFAULT NULL,
  `sign_id` int(11) DEFAULT NULL,
  `is_sign` int(11) NOT NULL,
  PRIMARY KEY (`sign_detail_id`)
) ENGINE=InnoDB AUTO_INCREMENT=673 DEFAULT CHARSET=utf8;

/*Data for the table `sign_detail` */

insert  into `sign_detail`(`sign_detail_id`,`user_id`,`sign_id`,`is_sign`) values (1,11,1,0),(2,11,2,0),(3,11,3,0),(4,11,4,0),(5,11,5,0),(6,11,6,0),(7,11,7,0),(8,12,1,0),(9,12,2,0),(10,12,3,0),(11,12,4,0),(12,12,5,0),(13,12,6,0),(14,12,7,0),(15,13,1,0),(16,13,2,0),(17,13,3,0),(18,13,4,0),(19,13,5,0),(20,13,6,0),(21,13,7,0),(22,14,1,0),(23,14,2,0),(24,14,3,0),(25,14,4,0),(26,14,5,0),(27,14,6,0),(28,14,7,0),(29,15,1,0),(30,15,2,0),(31,15,3,0),(32,15,4,0),(33,15,5,0),(34,15,6,0),(35,15,7,0),(36,16,1,0),(37,16,2,0),(38,16,3,0),(39,16,4,0),(40,16,5,0),(41,16,6,0),(42,16,7,0),(43,17,1,0),(44,17,2,0),(45,17,3,0),(46,17,4,0),(47,17,5,0),(48,17,6,0),(49,17,7,0),(50,18,1,0),(51,18,2,0),(52,18,3,0),(53,18,4,0),(54,18,5,0),(55,18,6,0),(56,18,7,0),(57,19,1,0),(58,19,2,0),(59,19,3,0),(60,19,4,0),(61,19,5,0),(62,19,6,0),(63,19,7,0),(64,20,1,0),(65,20,2,0),(66,20,3,0),(67,20,4,0),(68,20,5,0),(69,20,6,0),(70,20,7,0),(71,21,1,0),(72,21,2,0),(73,21,3,0),(74,21,4,0),(75,21,5,0),(76,21,6,0),(77,21,7,0),(78,24,1,0),(79,24,2,0),(80,24,3,0),(81,24,4,0),(82,24,5,0),(83,24,6,0),(84,24,7,0),(85,25,1,0),(86,25,2,0),(87,25,3,0),(88,25,4,0),(89,25,5,0),(90,25,6,0),(91,25,7,0),(92,26,1,0),(93,26,2,0),(94,26,3,0),(95,26,4,0),(96,26,5,0),(97,26,6,0),(98,26,7,0),(99,27,1,0),(100,27,2,0),(101,27,3,0),(102,27,4,0),(103,27,5,0),(104,27,6,0),(105,27,7,0),(106,28,1,0),(107,28,2,0),(108,28,3,0),(109,28,4,0),(110,28,5,0),(111,28,6,0),(112,28,7,0),(113,29,1,0),(114,29,2,0),(115,29,3,0),(116,29,4,0),(117,29,5,0),(118,29,6,0),(119,29,7,0),(120,30,1,0),(121,30,2,0),(122,30,3,0),(123,30,4,0),(124,30,5,0),(125,30,6,0),(126,30,7,0),(127,31,1,0),(128,31,2,0),(129,31,3,0),(130,31,4,0),(131,31,5,0),(132,31,6,0),(133,31,7,0),(134,32,1,0),(135,32,2,0),(136,32,3,0),(137,32,4,0),(138,32,5,0),(139,32,6,0),(140,32,7,0),(141,33,1,0),(142,33,2,0),(143,33,3,0),(144,33,4,0),(145,33,5,0),(146,33,6,0),(147,33,7,0),(148,34,1,0),(149,34,2,0),(150,34,3,0),(151,34,4,0),(152,34,5,0),(153,34,6,0),(154,34,7,0),(155,35,1,0),(156,35,2,0),(157,35,3,0),(158,35,4,0),(159,35,5,0),(160,35,6,0),(161,35,7,0),(162,36,1,0),(163,36,2,0),(164,36,3,0),(165,36,4,0),(166,36,5,0),(167,36,6,0),(168,36,7,0),(169,37,1,0),(170,37,2,0),(171,37,3,0),(172,37,4,0),(173,37,5,0),(174,37,6,0),(175,37,7,0),(176,38,1,0),(177,38,2,0),(178,38,3,0),(179,38,4,0),(180,38,5,0),(181,38,6,0),(182,38,7,0),(183,39,1,0),(184,39,2,0),(185,39,3,0),(186,39,4,0),(187,39,5,0),(188,39,6,0),(189,39,7,0),(190,40,1,0),(191,40,2,0),(192,40,3,0),(193,40,4,0),(194,40,5,0),(195,40,6,0),(196,40,7,0),(197,41,1,0),(198,41,2,0),(199,41,3,0),(200,41,4,0),(201,41,5,0),(202,41,6,0),(203,41,7,0),(211,43,1,0),(212,43,2,0),(213,43,3,0),(214,43,4,0),(215,43,5,0),(216,43,6,0),(217,43,7,0),(218,44,1,0),(219,44,2,0),(220,44,3,0),(221,44,4,0),(222,44,5,0),(223,44,6,0),(224,44,7,0),(225,45,1,0),(226,45,2,0),(227,45,3,0),(228,45,4,0),(229,45,5,0),(230,45,6,0),(231,45,7,0),(232,46,1,0),(233,46,2,0),(234,46,3,0),(235,46,4,0),(236,46,5,0),(237,46,6,0),(238,46,7,0),(239,47,1,0),(240,47,2,0),(241,47,3,0),(242,47,4,0),(243,47,5,0),(244,47,6,0),(245,47,7,0),(246,48,1,0),(247,48,2,0),(248,48,3,0),(249,48,4,0),(250,48,5,0),(251,48,6,0),(252,48,7,0),(253,49,1,0),(254,49,2,0),(255,49,3,0),(256,49,4,0),(257,49,5,0),(258,49,6,0),(259,49,7,0),(260,50,1,0),(261,50,2,0),(262,50,3,0),(263,50,4,0),(264,50,5,0),(265,50,6,0),(266,50,7,0),(267,51,1,0),(268,51,2,0),(269,51,3,0),(270,51,4,0),(271,51,5,0),(272,51,6,0),(273,51,7,0),(274,52,1,0),(275,52,2,0),(276,52,3,0),(277,52,4,0),(278,52,5,0),(279,52,6,0),(280,52,7,0),(281,53,1,0),(282,53,2,0),(283,53,3,0),(284,53,4,0),(285,53,5,0),(286,53,6,0),(287,53,7,0),(288,54,1,0),(289,54,2,0),(290,54,3,0),(291,54,4,0),(292,54,5,0),(293,54,6,0),(294,54,7,0),(295,55,1,0),(296,55,2,0),(297,55,3,0),(298,55,4,0),(299,55,5,0),(300,55,6,0),(301,55,7,0),(302,56,1,0),(303,56,2,0),(304,56,3,0),(305,56,4,0),(306,56,5,0),(307,56,6,0),(308,56,7,0),(309,57,1,0),(310,57,2,0),(311,57,3,0),(312,57,4,0),(313,57,5,0),(314,57,6,0),(315,57,7,0),(316,58,1,0),(317,58,2,0),(318,58,3,0),(319,58,4,0),(320,58,5,0),(321,58,6,0),(322,58,7,0),(323,59,1,0),(324,59,2,0),(325,59,3,0),(326,59,4,0),(327,59,5,0),(328,59,6,0),(329,59,7,0),(330,60,1,0),(331,60,2,0),(332,60,3,0),(333,60,4,0),(334,60,5,0),(335,60,6,0),(336,60,7,0),(337,61,1,0),(338,61,2,0),(339,61,3,0),(340,61,4,0),(341,61,5,0),(342,61,6,0),(343,61,7,0),(344,62,1,0),(345,62,2,0),(346,62,3,0),(347,62,4,0),(348,62,5,0),(349,62,6,0),(350,62,7,0),(351,63,1,0),(352,63,2,0),(353,63,3,0),(354,63,4,0),(355,63,5,0),(356,63,6,0),(357,63,7,0),(358,64,1,0),(359,64,2,0),(360,64,3,0),(361,64,4,0),(362,64,5,0),(363,64,6,0),(364,64,7,0),(365,65,1,0),(366,65,2,0),(367,65,3,0),(368,65,4,0),(369,65,5,0),(370,65,6,0),(371,65,7,0),(372,66,1,0),(373,66,2,0),(374,66,3,0),(375,66,4,0),(376,66,5,0),(377,66,6,0),(378,66,7,0),(379,67,1,0),(380,67,2,0),(381,67,3,0),(382,67,4,0),(383,67,5,0),(384,67,6,0),(385,67,7,0),(386,68,1,0),(387,68,2,0),(388,68,3,0),(389,68,4,0),(390,68,5,0),(391,68,6,0),(392,68,7,0),(393,69,1,0),(394,69,2,0),(395,69,3,0),(396,69,4,0),(397,69,5,0),(398,69,6,0),(399,69,7,0),(400,70,1,0),(401,70,2,0),(402,70,3,0),(403,70,4,0),(404,70,5,0),(405,70,6,0),(406,70,7,0),(407,71,1,0),(408,71,2,0),(409,71,3,0),(410,71,4,0),(411,71,5,0),(412,71,6,0),(413,71,7,0),(414,72,1,0),(415,72,2,0),(416,72,3,0),(417,72,4,0),(418,72,5,0),(419,72,6,0),(420,72,7,0),(421,73,1,0),(422,73,2,0),(423,73,3,0),(424,73,4,0),(425,73,5,0),(426,73,6,0),(427,73,7,0),(428,74,1,0),(429,74,2,0),(430,74,3,0),(431,74,4,0),(432,74,5,0),(433,74,6,0),(434,74,7,0),(435,75,1,0),(436,75,2,0),(437,75,3,0),(438,75,4,0),(439,75,5,0),(440,75,6,0),(441,75,7,0),(442,76,1,0),(443,76,2,0),(444,76,3,0),(445,76,4,0),(446,76,5,0),(447,76,6,0),(448,76,7,0),(449,77,1,0),(450,77,2,0),(451,77,3,0),(452,77,4,0),(453,77,5,0),(454,77,6,0),(455,77,7,0),(456,78,1,0),(457,78,2,0),(458,78,3,0),(459,78,4,0),(460,78,5,0),(461,78,6,0),(462,78,7,0),(463,79,1,0),(464,79,2,0),(465,79,3,0),(466,79,4,0),(467,79,5,0),(468,79,6,0),(469,79,7,0),(470,80,1,0),(471,80,2,0),(472,80,3,0),(473,80,4,0),(474,80,5,0),(475,80,6,0),(476,80,7,0),(477,81,1,0),(478,81,2,0),(479,81,3,0),(480,81,4,0),(481,81,5,0),(482,81,6,0),(483,81,7,0),(484,82,1,0),(485,82,2,0),(486,82,3,0),(487,82,4,0),(488,82,5,0),(489,82,6,0),(490,82,7,0),(491,83,1,0),(492,83,2,0),(493,83,3,0),(494,83,4,0),(495,83,5,0),(496,83,6,0),(497,83,7,0),(498,84,1,0),(499,84,2,0),(500,84,3,0),(501,84,4,0),(502,84,5,0),(503,84,6,0),(504,84,7,0),(505,85,1,0),(506,85,2,0),(507,85,3,0),(508,85,4,0),(509,85,5,0),(510,85,6,0),(511,85,7,0),(512,86,1,0),(513,86,2,0),(514,86,3,0),(515,86,4,0),(516,86,5,0),(517,86,6,0),(518,86,7,0),(519,87,1,0),(520,87,2,0),(521,87,3,0),(522,87,4,0),(523,87,5,0),(524,87,6,0),(525,87,7,0),(526,88,1,0),(527,88,2,0),(528,88,3,0),(529,88,4,0),(530,88,5,0),(531,88,6,0),(532,88,7,0),(533,89,1,0),(534,89,2,0),(535,89,3,0),(536,89,4,0),(537,89,5,0),(538,89,6,0),(539,89,7,0),(540,90,1,0),(541,90,2,0),(542,90,3,0),(543,90,4,0),(544,90,5,0),(545,90,6,0),(546,90,7,0),(547,91,1,0),(548,91,2,0),(549,91,3,0),(550,91,4,0),(551,91,5,0),(552,91,6,0),(553,91,7,0),(554,92,1,0),(555,92,2,0),(556,92,3,0),(557,92,4,0),(558,92,5,0),(559,92,6,0),(560,92,7,0),(561,93,1,0),(562,93,2,0),(563,93,3,0),(564,93,4,0),(565,93,5,0),(566,93,6,0),(567,93,7,0),(568,94,1,0),(569,94,2,0),(570,94,3,0),(571,94,4,0),(572,94,5,0),(573,94,6,0),(574,94,7,0),(575,95,1,0),(576,95,2,0),(577,95,3,0),(578,95,4,0),(579,95,5,0),(580,95,6,0),(581,95,7,0),(582,96,1,1),(583,96,2,0),(584,96,3,0),(585,96,4,0),(586,96,5,0),(587,96,6,0),(588,96,7,0),(589,97,1,0),(590,97,2,0),(591,97,3,0),(592,97,4,0),(593,97,5,0),(594,97,6,0),(595,97,7,0),(596,98,1,0),(597,98,2,1),(598,98,3,0),(599,98,4,0),(600,98,5,0),(601,98,6,0),(602,98,7,0),(603,99,1,0),(604,99,2,0),(605,99,3,0),(606,99,4,1),(607,99,5,0),(608,99,6,0),(609,99,7,0),(610,100,1,0),(611,100,2,0),(612,100,3,0),(613,100,4,0),(614,100,5,0),(615,100,6,0),(616,100,7,0),(617,101,1,0),(618,101,2,0),(619,101,3,0),(620,101,4,0),(621,101,5,0),(622,101,6,0),(623,101,7,0),(624,102,1,0),(625,102,2,0),(626,102,3,0),(627,102,4,0),(628,102,5,0),(629,102,6,0),(630,102,7,0),(631,103,1,0),(632,103,2,0),(633,103,3,0),(634,103,4,0),(635,103,5,0),(636,103,6,0),(637,103,7,0),(638,104,1,0),(639,104,2,0),(640,104,3,0),(641,104,4,0),(642,104,5,0),(643,104,6,0),(644,104,7,0),(645,105,1,0),(646,105,2,0),(647,105,3,0),(648,105,4,0),(649,105,5,0),(650,105,6,0),(651,105,7,0),(652,106,1,0),(653,106,2,0),(654,106,3,0),(655,106,4,0),(656,106,5,0),(657,106,6,0),(658,106,7,0),(659,107,1,0),(660,107,2,0),(661,107,3,0),(662,107,4,0),(663,107,5,0),(664,107,6,0),(665,107,7,0),(666,108,1,0),(667,108,2,0),(668,108,3,0),(669,108,4,0),(670,108,5,0),(671,108,6,0),(672,108,7,0);

/*Table structure for table `soure_type` */

DROP TABLE IF EXISTS `soure_type`;

CREATE TABLE `soure_type` (
  `source_type_id` int(11) NOT NULL AUTO_INCREMENT,
  `source_type_name` varchar(20) NOT NULL,
  PRIMARY KEY (`source_type_id`)
) ENGINE=InnoDB AUTO_INCREMENT=14 DEFAULT CHARSET=utf8;

/*Data for the table `soure_type` */

insert  into `soure_type`(`source_type_id`,`source_type_name`) values (1,'绑定微信获取'),(2,'在线获取'),(3,'签到获取'),(4,'邀请徒弟'),(5,'邀请徒孙'),(6,'采集'),(7,'必得分红龙'),(8,'五福合成'),(9,'随机合成'),(10,'预邀请(赠送)'),(11,'分享好友(概率)'),(12,'观看视频获取'),(13,'补填邀请码获取');

/*Table structure for table `task` */

DROP TABLE IF EXISTS `task`;

CREATE TABLE `task` (
  `task_id` int(11) NOT NULL AUTO_INCREMENT,
  `task_name` varchar(10) NOT NULL,
  `reward_state` varchar(15) NOT NULL,
  `task_icon` varchar(50) NOT NULL,
  `reward_num` int(11) NOT NULL,
  `task_sort` int(11) NOT NULL,
  `task_type` int(11) NOT NULL,
  `reward_type` int(11) NOT NULL,
  `task_total` int(11) DEFAULT NULL,
  PRIMARY KEY (`task_id`)
) ENGINE=InnoDB AUTO_INCREMENT=7 DEFAULT CHARSET=utf8;

/*Data for the table `task` */

insert  into `task`(`task_id`,`task_name`,`reward_state`,`task_icon`,`reward_num`,`task_sort`,`task_type`,`reward_type`,`task_total`) values (1,'每日签到','签到获取能量','ic_work_sign.png',38,1,1,0,1),(2,'邀请6名好友','邀请1好友+10能量','ic_work_invite.png',60,2,1,0,6),(3,'在线30分钟','已在线0分钟','ic_work_online.png',6,3,1,0,30),(4,'观看15次视频','每天观看15次视频','ic_work_video.png',30,4,1,0,15),(5,'绑定微信','绑定微信获取能量','ic_woek_binding.png',6,5,2,0,1),(6,'填补邀请码','填补邀请码获取能量','ic_work_invitecode.png',10,6,2,0,1);

/*Table structure for table `task_detail` */

DROP TABLE IF EXISTS `task_detail`;

CREATE TABLE `task_detail` (
  `task_detail_id` int(11) NOT NULL AUTO_INCREMENT,
  `user_id` int(11) DEFAULT NULL,
  `task_id` int(11) DEFAULT NULL,
  `has_do` int(11) NOT NULL,
  `progress_num` int(11) DEFAULT NULL,
  PRIMARY KEY (`task_detail_id`)
) ENGINE=InnoDB AUTO_INCREMENT=630 DEFAULT CHARSET=utf8;

/*Data for the table `task_detail` */

insert  into `task_detail`(`task_detail_id`,`user_id`,`task_id`,`has_do`,`progress_num`) values (16,4,1,0,0),(17,4,2,0,0),(18,4,3,0,0),(19,4,4,0,0),(20,4,5,0,0),(21,5,1,0,0),(22,5,2,0,0),(23,5,3,0,0),(24,5,4,0,0),(25,5,5,0,0),(26,6,1,0,0),(27,6,2,0,0),(28,6,3,0,0),(29,6,4,0,0),(30,6,5,0,0),(31,7,1,0,0),(32,7,2,0,0),(33,7,3,0,0),(34,7,4,0,0),(35,7,5,0,0),(36,8,1,0,0),(37,8,2,0,0),(38,8,3,0,0),(39,8,4,0,0),(40,8,5,0,0),(41,8,6,0,0),(42,9,1,0,0),(43,9,2,0,0),(44,9,3,0,0),(45,9,4,0,0),(46,9,5,0,0),(47,9,6,0,0),(48,10,1,0,0),(49,10,2,0,0),(50,10,3,0,0),(51,10,4,0,0),(52,10,5,0,0),(53,10,6,0,0),(54,11,1,0,0),(55,11,2,0,0),(56,11,3,0,0),(57,11,4,0,0),(58,11,5,0,0),(59,11,6,0,0),(60,12,1,0,0),(61,12,2,0,0),(62,12,3,0,0),(63,12,4,0,0),(64,12,5,0,0),(65,12,6,0,0),(66,13,1,0,0),(67,13,2,0,0),(68,13,3,0,0),(69,13,4,0,0),(70,13,5,0,0),(71,13,6,0,0),(72,14,1,0,0),(73,14,2,0,0),(74,14,3,0,0),(75,14,4,0,0),(76,14,5,0,0),(77,14,6,0,0),(78,15,1,0,0),(79,15,2,0,0),(80,15,3,0,0),(81,15,4,0,0),(82,15,5,0,0),(83,15,6,0,0),(84,16,1,0,0),(85,16,2,0,0),(86,16,3,0,0),(87,16,4,0,0),(88,16,5,0,0),(89,16,6,0,0),(90,17,1,0,0),(91,17,2,0,0),(92,17,3,0,0),(93,17,4,0,0),(94,17,5,0,0),(95,17,6,0,0),(96,18,1,0,0),(97,18,2,0,0),(98,18,3,0,0),(99,18,4,0,0),(100,18,5,0,0),(101,18,6,0,0),(102,19,1,0,0),(103,19,2,0,0),(104,19,3,0,0),(105,19,4,0,0),(106,19,5,0,0),(107,19,6,0,0),(108,20,1,0,0),(109,20,2,0,0),(110,20,3,0,0),(111,20,4,0,0),(112,20,5,0,0),(113,20,6,0,0),(114,21,1,0,0),(115,21,2,0,0),(116,21,3,0,0),(117,21,4,0,0),(118,21,5,0,0),(119,21,6,0,0),(120,24,1,0,0),(121,24,2,0,0),(122,24,3,0,0),(123,24,4,0,0),(124,24,5,0,0),(125,24,6,0,0),(126,25,1,0,0),(127,25,2,0,0),(128,25,3,0,0),(129,25,4,0,0),(130,25,5,0,0),(131,25,6,0,0),(132,26,1,0,0),(133,26,2,0,0),(134,26,3,0,0),(135,26,4,0,0),(136,26,5,0,0),(137,26,6,0,0),(138,27,1,0,0),(139,27,2,0,0),(140,27,3,0,0),(141,27,4,0,0),(142,27,5,0,0),(143,27,6,0,0),(144,28,1,0,0),(145,28,2,0,0),(146,28,3,0,0),(147,28,4,0,0),(148,28,5,0,0),(149,28,6,0,0),(150,29,1,0,0),(151,29,2,0,0),(152,29,3,0,0),(153,29,4,0,0),(154,29,5,0,0),(155,29,6,0,0),(156,30,1,0,0),(157,30,2,0,0),(158,30,3,0,0),(159,30,4,0,0),(160,30,5,0,0),(161,30,6,0,0),(162,31,1,0,0),(163,31,2,0,0),(164,31,3,0,0),(165,31,4,0,0),(166,31,5,0,0),(167,31,6,0,0),(168,32,1,0,0),(169,32,2,0,0),(170,32,3,0,0),(171,32,4,0,0),(172,32,5,0,0),(173,32,6,0,0),(174,33,1,0,0),(175,33,2,0,0),(176,33,3,0,0),(177,33,4,0,0),(178,33,5,0,0),(179,33,6,1,1),(180,34,1,0,0),(181,34,2,0,0),(182,34,3,0,0),(183,34,4,0,0),(184,34,5,0,0),(185,34,6,1,1),(186,35,1,0,0),(187,35,2,0,0),(188,35,3,0,0),(189,35,4,0,0),(190,35,5,0,0),(191,35,6,1,1),(192,36,1,0,0),(193,36,2,0,0),(194,36,3,0,0),(195,36,4,0,0),(196,36,5,0,0),(197,36,6,1,1),(198,37,1,0,0),(199,37,2,0,0),(200,37,3,0,0),(201,37,4,0,0),(202,37,5,1,1),(203,37,6,0,0),(204,38,1,0,0),(205,38,2,0,0),(206,38,3,0,0),(207,38,4,0,0),(208,38,5,1,1),(209,38,6,0,0),(210,39,1,0,0),(211,39,2,0,0),(212,39,3,0,0),(213,39,4,0,0),(214,39,5,1,1),(215,39,6,0,0),(216,40,1,0,0),(217,40,2,0,0),(218,40,3,0,0),(219,40,4,0,0),(220,40,5,1,1),(221,40,6,0,0),(222,41,1,0,0),(223,41,2,0,0),(224,41,3,0,0),(225,41,4,0,0),(226,41,5,1,1),(227,41,6,0,0),(234,43,1,0,0),(235,43,2,0,0),(236,43,3,0,0),(237,43,4,0,0),(238,43,5,0,0),(239,43,6,0,0),(240,44,1,0,0),(241,44,2,0,0),(242,44,3,0,0),(243,44,4,0,0),(244,44,5,1,0),(245,44,6,0,0),(246,45,1,0,0),(247,45,2,0,0),(248,45,3,0,0),(249,45,4,0,0),(250,45,5,1,1),(251,45,6,0,0),(252,46,1,0,0),(253,46,2,0,0),(254,46,3,0,0),(255,46,4,0,0),(256,46,5,1,1),(257,46,6,0,0),(258,47,1,0,0),(259,47,2,0,0),(260,47,3,0,0),(261,47,4,0,0),(262,47,5,1,1),(263,47,6,0,0),(264,48,1,0,0),(265,48,2,0,0),(266,48,3,0,0),(267,48,4,0,0),(268,48,5,1,1),(269,48,6,1,1),(270,49,1,0,0),(271,49,2,0,0),(272,49,3,0,0),(273,49,4,0,0),(274,49,5,1,1),(275,49,6,0,0),(276,50,1,0,0),(277,50,2,0,0),(278,50,3,0,0),(279,50,4,0,0),(280,50,5,1,1),(281,50,6,0,0),(282,51,1,0,0),(283,51,2,0,0),(284,51,3,0,0),(285,51,4,0,0),(286,51,5,1,1),(287,51,6,0,0),(288,52,1,0,0),(289,52,2,0,0),(290,52,3,0,0),(291,52,4,0,0),(292,52,5,1,1),(293,52,6,0,0),(294,53,1,0,0),(295,53,2,0,0),(296,53,3,0,0),(297,53,4,0,0),(298,53,5,1,1),(299,53,6,0,0),(300,54,1,0,0),(301,54,2,0,0),(302,54,3,0,0),(303,54,4,0,0),(304,54,5,1,1),(305,54,6,0,0),(306,55,1,0,0),(307,55,2,0,0),(308,55,3,0,0),(309,55,4,0,0),(310,55,5,1,1),(311,55,6,0,0),(312,56,1,0,0),(313,56,2,0,0),(314,56,3,0,0),(315,56,4,0,0),(316,56,5,1,1),(317,56,6,0,0),(318,57,1,0,0),(319,57,2,0,0),(320,57,3,0,0),(321,57,4,0,0),(322,57,5,1,1),(323,57,6,0,0),(324,58,1,0,0),(325,58,2,0,0),(326,58,3,0,0),(327,58,4,0,0),(328,58,5,1,1),(329,58,6,0,0),(330,59,1,0,0),(331,59,2,0,0),(332,59,3,0,0),(333,59,4,0,0),(334,59,5,1,1),(335,59,6,0,0),(336,60,1,0,0),(337,60,2,0,0),(338,60,3,0,0),(339,60,4,0,0),(340,60,5,1,1),(341,60,6,0,0),(342,61,1,0,0),(343,61,2,0,0),(344,61,3,0,0),(345,61,4,0,0),(346,61,5,1,1),(347,61,6,0,0),(348,62,1,0,0),(349,62,2,0,0),(350,62,3,0,0),(351,62,4,0,0),(352,62,5,1,1),(353,62,6,0,0),(354,63,1,0,0),(355,63,2,0,0),(356,63,3,0,0),(357,63,4,0,0),(358,63,5,1,1),(359,63,6,0,0),(360,64,1,0,0),(361,64,2,0,0),(362,64,3,0,0),(363,64,4,0,0),(364,64,5,1,1),(365,64,6,0,0),(366,65,1,0,0),(367,65,2,0,0),(368,65,3,0,0),(369,65,4,0,0),(370,65,5,1,1),(371,65,6,0,0),(372,66,1,0,0),(373,66,2,0,0),(374,66,3,0,0),(375,66,4,0,0),(376,66,5,1,1),(377,66,6,1,1),(378,67,1,0,0),(379,67,2,0,0),(380,67,3,0,0),(381,67,4,0,0),(382,67,5,1,1),(383,67,6,0,0),(384,68,1,0,0),(385,68,2,0,0),(386,68,3,0,0),(387,68,4,0,0),(388,68,5,1,1),(389,68,6,0,0),(390,69,1,0,0),(391,69,2,0,0),(392,69,3,0,0),(393,69,4,0,0),(394,69,5,1,1),(395,69,6,0,0),(396,70,1,0,0),(397,70,2,0,0),(398,70,3,0,0),(399,70,4,0,0),(400,70,5,1,1),(401,70,6,0,0),(402,71,1,0,0),(403,71,2,0,0),(404,71,3,0,0),(405,71,4,0,0),(406,71,5,1,1),(407,71,6,0,0),(408,72,1,0,0),(409,72,2,0,0),(410,72,3,0,0),(411,72,4,0,0),(412,72,5,1,1),(413,72,6,0,0),(414,73,1,0,0),(415,73,2,0,0),(416,73,3,0,0),(417,73,4,0,0),(418,73,5,1,1),(419,73,6,0,0),(420,74,1,0,0),(421,74,2,0,0),(422,74,3,0,0),(423,74,4,0,0),(424,74,5,1,1),(425,74,6,0,0),(426,75,1,0,0),(427,75,2,0,0),(428,75,3,0,0),(429,75,4,0,0),(430,75,5,1,1),(431,75,6,0,0),(432,76,1,0,0),(433,76,2,0,0),(434,76,3,0,0),(435,76,4,0,0),(436,76,5,1,1),(437,76,6,0,0),(438,77,1,0,0),(439,77,2,0,0),(440,77,3,0,0),(441,77,4,0,0),(442,77,5,1,1),(443,77,6,0,0),(444,78,1,0,0),(445,78,2,0,0),(446,78,3,0,0),(447,78,4,0,0),(448,78,5,1,1),(449,78,6,0,0),(450,79,1,0,0),(451,79,2,0,0),(452,79,3,0,0),(453,79,4,0,0),(454,79,5,1,1),(455,79,6,0,0),(456,80,1,0,0),(457,80,2,0,0),(458,80,3,0,0),(459,80,4,0,0),(460,80,5,1,1),(461,80,6,0,0),(462,81,1,0,0),(463,81,2,0,0),(464,81,3,0,0),(465,81,4,0,0),(466,81,5,1,1),(467,81,6,0,0),(468,82,1,0,0),(469,82,2,0,0),(470,82,3,0,0),(471,82,4,0,0),(472,82,5,1,1),(473,82,6,0,0),(474,83,1,0,0),(475,83,2,0,0),(476,83,3,0,0),(477,83,4,0,0),(478,83,5,1,1),(479,83,6,0,0),(480,84,1,0,0),(481,84,2,0,0),(482,84,3,0,0),(483,84,4,0,0),(484,84,5,1,1),(485,84,6,0,0),(486,85,1,0,0),(487,85,2,0,0),(488,85,3,0,0),(489,85,4,0,0),(490,85,5,1,1),(491,85,6,0,0),(492,86,1,0,0),(493,86,2,0,0),(494,86,3,0,0),(495,86,4,0,0),(496,86,5,1,1),(497,86,6,0,0),(498,87,1,0,0),(499,87,2,0,0),(500,87,3,0,0),(501,87,4,0,0),(502,87,5,1,1),(503,87,6,0,0),(504,88,1,0,0),(505,88,2,0,0),(506,88,3,0,0),(507,88,4,0,0),(508,88,5,1,1),(509,88,6,0,0),(510,89,1,0,0),(511,89,2,0,0),(512,89,3,0,0),(513,89,4,0,0),(514,89,5,1,1),(515,89,6,0,0),(516,90,1,0,0),(517,90,2,0,0),(518,90,3,0,0),(519,90,4,0,0),(520,90,5,1,1),(521,90,6,0,0),(522,91,1,0,0),(523,91,2,0,0),(524,91,3,0,0),(525,91,4,0,0),(526,91,5,1,1),(527,91,6,0,0),(528,92,1,0,0),(529,92,2,0,0),(530,92,3,0,0),(531,92,4,0,0),(532,92,5,1,1),(533,92,6,0,0),(534,93,1,0,0),(535,93,2,0,0),(536,93,3,0,0),(537,93,4,0,0),(538,93,5,1,1),(539,93,6,0,0),(540,94,1,0,0),(541,94,2,0,0),(542,94,3,0,0),(543,94,4,0,0),(544,94,5,1,1),(545,94,6,0,0),(546,95,1,0,0),(547,95,2,0,0),(548,95,3,0,0),(549,95,4,0,0),(550,95,5,1,1),(551,95,6,0,0),(552,96,1,1,0),(553,96,2,0,0),(554,96,3,1,30),(555,96,4,1,15),(556,96,5,1,1),(557,96,6,0,0),(558,97,1,0,0),(559,97,2,0,0),(560,97,3,1,30),(561,97,4,0,0),(562,97,5,1,1),(563,97,6,0,0),(564,98,1,1,0),(565,98,2,0,0),(566,98,3,1,30),(567,98,4,0,0),(568,98,5,1,1),(569,98,6,0,0),(570,99,1,1,0),(571,99,2,0,0),(572,99,3,1,30),(573,99,4,0,0),(574,99,5,1,1),(575,99,6,0,0),(576,100,1,0,0),(577,100,2,0,0),(578,100,3,0,5),(579,100,4,0,0),(580,100,5,1,1),(581,100,6,0,0),(582,101,1,0,0),(583,101,2,0,0),(584,101,3,1,30),(585,101,4,0,0),(586,101,5,1,1),(587,101,6,0,0),(588,102,1,0,0),(589,102,2,0,0),(590,102,3,1,30),(591,102,4,0,0),(592,102,5,1,1),(593,102,6,0,0),(594,103,1,0,0),(595,103,2,0,0),(596,103,3,0,1),(597,103,4,0,0),(598,103,5,1,1),(599,103,6,0,0),(600,104,1,0,0),(601,104,2,0,0),(602,104,3,0,3),(603,104,4,0,0),(604,104,5,1,1),(605,104,6,0,0),(606,105,1,0,0),(607,105,2,0,0),(608,105,3,0,0),(609,105,4,0,0),(610,105,5,1,1),(611,105,6,0,0),(612,106,1,0,0),(613,106,2,0,0),(614,106,3,0,3),(615,106,4,0,0),(616,106,5,1,1),(617,106,6,0,0),(618,107,1,0,0),(619,107,2,0,0),(620,107,3,0,27),(621,107,4,0,0),(622,107,5,1,1),(623,107,6,0,0),(624,108,1,0,0),(625,108,2,0,0),(626,108,3,1,30),(627,108,4,0,0),(628,108,5,1,1),(629,108,6,0,0);

/*Table structure for table `user` */

DROP TABLE IF EXISTS `user`;

CREATE TABLE `user` (
  `user_id` int(11) NOT NULL AUTO_INCREMENT,
  `progress_id` int(11) DEFAULT NULL,
  `income_stage_id` int(11) DEFAULT NULL,
  `video_record_id` int(11) DEFAULT NULL,
  `user_info_id` int(11) DEFAULT NULL,
  `from_id` int(11) DEFAULT NULL,
  `open_id` varchar(50) DEFAULT NULL,
  `app_open_id` varchar(50) DEFAULT NULL,
  `nick_name` varchar(20) NOT NULL,
  `avatar_url` varchar(50) NOT NULL,
  `gender` int(11) DEFAULT NULL,
  `invite_code` varchar(6) DEFAULT NULL,
  `tel` varchar(11) NOT NULL,
  `level` int(11) NOT NULL,
  `level_img` int(11) NOT NULL,
  `invite_ticket_num` int(11) NOT NULL,
  `pet_list` varchar(50) NOT NULL,
  `level_income` varchar(15) NOT NULL,
  `gold_all` varchar(30) NOT NULL,
  `gold_usable` varchar(30) NOT NULL,
  `profit_speed` varchar(30) NOT NULL,
  `gold_get_time` datetime NOT NULL,
  `is_gold_get` int(11) NOT NULL,
  `is_effect` int(11) NOT NULL,
  `login_time` datetime DEFAULT NULL,
  `create_time` datetime NOT NULL,
  `update_time` datetime NOT NULL,
  `is_staus` int(11) NOT NULL,
  PRIMARY KEY (`user_id`)
) ENGINE=InnoDB AUTO_INCREMENT=109 DEFAULT CHARSET=utf8;

/*Data for the table `user` */

insert  into `user`(`user_id`,`progress_id`,`income_stage_id`,`video_record_id`,`user_info_id`,`from_id`,`open_id`,`app_open_id`,`nick_name`,`avatar_url`,`gender`,`invite_code`,`tel`,`level`,`level_img`,`invite_ticket_num`,`pet_list`,`level_income`,`gold_all`,`gold_usable`,`profit_speed`,`gold_get_time`,`is_gold_get`,`is_effect`,`login_time`,`create_time`,`update_time`,`is_staus`) values (4,5,1,5,NULL,7,'','','测试昵称','',0,'aoun2x','17620885472',1,1,0,'1','','16000','16000','6','2020-05-22 17:20:23',0,1,NULL,'2020-05-22 17:20:23','2020-05-22 17:20:23',1),(5,6,1,6,NULL,8,'','','测试昵称','',0,'sos8ri','18928773004',1,1,0,'1','','16000','16000','6','2020-05-22 17:35:49',0,0,NULL,'2020-05-22 17:35:49','2020-05-22 17:35:49',1),(6,7,1,7,NULL,8,'','','测试昵称','',0,'2obtgw','18925554446',1,1,0,'1','','16000','16000','6','2020-05-22 17:43:10',0,1,NULL,'2020-05-22 17:43:10','2020-05-22 17:43:10',1),(7,8,1,8,NULL,8,'','','测试昵称','',0,'do3e5v','17620885499',1,1,0,'1','','16000','16000','6','2020-05-22 18:01:54',0,0,NULL,'2020-05-22 18:01:54','2020-05-22 18:01:54',1),(8,9,3,9,NULL,NULL,'','','测试昵称','',0,'zoldnq','17620885476',1,1,0,'1','','16000','16000','6','2020-05-24 17:48:12',0,0,NULL,'2020-05-24 17:48:12','2020-05-24 17:48:12',1),(9,10,1,10,NULL,NULL,'','','测试昵称','',0,'xogs3e','17245568822',1,1,0,'1','','16000','16000','6','2020-05-26 10:02:38',0,0,NULL,'2020-05-26 10:02:38','2020-05-26 10:02:38',1),(10,11,1,11,NULL,NULL,'','','测试昵称','',0,'9or597','17820885456',1,1,0,'1','','16000','16000','6','2020-05-26 10:03:48',0,0,NULL,'2020-05-26 10:03:48','2020-05-26 10:03:48',1),(11,12,1,12,NULL,NULL,'','','测试昵称','',0,'co5wld','18928554725',1,1,0,'1','','16000','16000','6','2020-05-26 14:59:35',0,0,NULL,'2020-05-26 14:59:35','2020-05-26 14:59:35',1),(12,13,1,13,NULL,NULL,'','','测试昵称','',0,'7onz2v','18928773009',1,1,0,'1','','16000','16000','6','2020-05-27 11:36:59',0,0,NULL,'2020-05-27 11:36:59','2020-05-27 11:36:59',1),(13,14,1,14,NULL,NULL,'','','测试昵称','',0,'poersk','15908566661',1,1,0,'1','','16000','16000','6','2020-05-27 11:40:25',0,0,NULL,'2020-05-27 11:40:25','2020-05-27 11:40:25',1),(14,15,1,15,NULL,NULL,'','','测试昵称','',0,'5ofv7r','15998785525',1,1,0,'1','','16000','16000','6','2020-05-27 11:43:42',0,0,NULL,'2020-05-27 11:43:42','2020-05-27 11:43:42',1),(15,16,1,16,NULL,NULL,'','','测试昵称','',0,'iop5qe','17852466882',1,1,0,'1','','16000','16000','6','2020-05-27 11:48:28',0,0,NULL,'2020-05-27 11:48:28','2020-05-27 11:48:28',1),(16,17,6,17,NULL,NULL,'','','测试昵称','',0,'kofac2','18925884569',1,1,0,'1','','16000','16000','6','2020-05-27 11:49:02',0,0,NULL,'2020-05-27 11:49:02','2020-05-27 11:49:02',1),(17,18,1,18,NULL,NULL,'','','测试昵称','',0,'3omrnk','17620885471',1,1,0,'1','','16000','16000','6','2020-05-27 14:05:49',0,0,NULL,'2020-05-27 14:05:49','2020-05-27 14:05:49',1),(18,19,1,19,NULL,NULL,'','','测试昵称','',0,'moafci','17620885473',1,1,0,'1','','16000','16000','6','2020-05-27 14:12:15',0,0,NULL,'2020-05-27 14:12:15','2020-05-27 14:12:15',1),(19,20,1,20,NULL,NULL,'','','测试昵称','',0,'jomzsx','17620885493',1,1,0,'1','','16000','16000','6','2020-05-27 17:09:47',0,0,NULL,'2020-05-27 17:09:47','2020-05-27 17:09:47',1),(20,21,1,21,NULL,NULL,'','','测试昵称','',0,'uomrls','17620885479',1,1,0,'1','','16000','16000','6','2020-05-27 17:13:19',0,0,NULL,'2020-05-27 17:13:19','2020-05-27 17:13:19',1),(21,22,1,22,NULL,NULL,'','','测试昵称','',0,'folgp5','15915347172',1,1,0,'1','','16000','16000','6','2020-05-27 17:14:51',0,0,NULL,'2020-05-27 17:14:51','2020-05-27 17:14:51',1),(24,25,1,25,NULL,NULL,'','','测试昵称','',0,'voux89','18928773005',1,1,0,'1','','16000','16000','6','2020-05-27 18:25:26',0,0,NULL,'2020-05-27 18:25:26','2020-05-27 18:25:26',1),(25,26,1,26,NULL,NULL,'','','测试昵称','',0,'yoys68','17852445682',1,1,0,'1','','16000','16000','6','2020-05-27 21:53:45',0,0,NULL,'2020-05-27 21:53:45','2020-05-27 21:53:45',1),(26,27,1,27,NULL,NULL,'','','测试昵称','',0,'lor6pz','17854256698',1,1,0,'1','','16000','16000','6','2020-05-27 21:56:37',0,0,NULL,'2020-05-27 21:56:37','2020-05-27 21:56:37',1),(27,28,1,28,NULL,NULL,'','','测试昵称','',0,'ton6gq','15668463685',1,1,0,'1','','16000','16000','6','2020-05-27 21:58:07',0,0,NULL,'2020-05-27 21:58:07','2020-05-27 21:58:07',1),(28,29,1,29,NULL,NULL,'','','测试昵称','',0,'no8d9c','15869568363',1,1,0,'1','','16000','16000','6','2020-05-27 22:03:20',0,0,NULL,'2020-05-27 22:03:20','2020-05-27 22:03:20',1),(29,30,1,30,NULL,NULL,'','','测试昵称','',0,'6otfwf','18699585445',1,1,0,'1','','16000','16000','6','2020-05-27 22:06:46',0,0,NULL,'2020-05-27 22:06:46','2020-05-27 22:06:46',1),(30,31,1,31,NULL,NULL,'','','测试昵称','',0,'bofd2j','18928773015',1,1,0,'1','','16000','16000','6','2020-05-28 09:22:35',0,0,NULL,'2020-05-28 09:22:35','2020-05-28 09:22:35',1),(31,32,1,32,NULL,NULL,'','','测试昵称','',0,'goturl','17866855555',1,1,0,'1','','16000','16000','6','2020-05-28 16:37:22',0,0,NULL,'2020-05-28 16:37:22','2020-05-28 16:37:22',1),(32,33,1,33,NULL,4,'','','测试昵称','',0,'hoaus5','17895885445',1,1,0,'1','','16000','16000','6','2020-05-28 16:42:58',0,0,NULL,'2020-05-28 16:42:58','2020-05-28 16:42:58',1),(33,34,1,34,NULL,4,'','','测试昵称','',0,'wqov28','17668525866',1,1,0,'1','','16000','16000','6','2020-05-28 16:57:41',0,0,NULL,'2020-05-28 16:57:41','2020-05-28 16:57:41',1),(34,35,1,35,NULL,NULL,'','','测试昵称','',0,'wwowv6','17620082019',1,1,0,'1','','16000','16000','6','2020-05-29 10:06:38',0,0,NULL,'2020-05-29 10:06:38','2020-05-29 10:06:38',1),(35,36,1,36,NULL,42,'','','测试昵称','',0,'weo4p8','17896549664',1,1,0,'1','','16000','16000','6','2020-05-29 10:25:41',0,0,NULL,'2020-05-29 10:25:41','2020-05-29 10:25:41',1),(36,37,1,37,NULL,NULL,'','','测试昵称','',0,'w8oc9a','17895354426',1,1,0,'1','','16000','16000','6','2020-05-29 10:39:59',0,0,NULL,'2020-05-29 10:39:59','2020-05-29 10:39:59',1),(37,38,1,38,NULL,43,'','','测试昵称','',0,'waolbe','17620586546',1,1,0,'1','','16000','16000','6','2020-05-29 10:43:06',0,0,NULL,'2020-05-29 10:43:06','2020-05-29 10:43:06',1),(38,39,1,39,NULL,NULL,'','','测试昵称','',0,'wsoemh','17688561619',1,1,0,'1','','16000','16000','6','2020-05-29 14:06:24',0,0,NULL,'2020-05-29 14:06:24','2020-05-29 14:06:24',1),(39,40,1,40,NULL,43,'','','测试昵称','',0,'w2oeid','17628845645',1,1,5,'1','','16000','16000','6','2020-05-29 16:15:24',0,0,NULL,'2020-05-29 16:15:24','2020-05-29 16:15:24',1),(40,41,1,41,NULL,NULL,'','','测试昵称','',0,'wdozyf','17565655333',1,1,5,'1','','16000','16000','6','2020-05-29 17:39:08',0,0,NULL,'2020-05-29 17:39:08','2020-05-29 17:39:08',1),(41,42,1,42,NULL,NULL,'','','测试昵称','',0,'wzojbt','17320885433',1,1,5,'1','','16000','16000','6','2020-06-01 08:08:44',0,0,NULL,'2020-06-01 08:08:44','2020-06-01 08:08:44',1),(43,44,6,44,NULL,44,'','','测试昵称','',0,'w9oeaq','17620886655',1,1,5,'1','','16000','16000','6','2020-06-01 09:08:25',0,0,NULL,'2020-06-01 09:08:25','2020-06-01 09:08:25',1),(44,45,1,45,NULL,NULL,'','','测试昵称','',0,'wcoy2y','17620885466',1,1,5,'1','','16000','16000','6','2020-06-01 11:52:52',0,0,NULL,'2020-06-01 11:52:52','2020-06-01 11:52:52',1),(45,46,1,46,NULL,NULL,'','','测试昵称','',0,'w7o8vb','17620558546',1,1,5,'1','','16000','16000','6','2020-06-02 11:08:09',0,0,NULL,'2020-06-02 11:08:09','2020-06-02 11:08:09',1),(46,47,1,47,NULL,NULL,'','','测试昵称','',0,'wpo4mp','17620885475',1,1,5,'1','','16000','16000','6','2020-06-02 11:12:15',0,0,NULL,'2020-06-02 11:12:15','2020-06-02 11:12:15',1),(47,48,1,48,NULL,NULL,'','','测试昵称','',0,'w5orma','17628856645',1,1,5,'1','','16000','16000','6','2020-06-02 16:18:11',0,0,NULL,'2020-06-02 16:18:11','2020-06-02 16:18:11',1),(48,49,1,49,NULL,47,'','','测试昵称','',0,'wiog3v','17628466523',1,1,5,'1','','16000','16000','6','2020-06-02 16:19:36',0,0,NULL,'2020-06-02 16:19:36','2020-06-02 16:19:36',1),(49,50,1,50,NULL,NULL,'','','测试','',1,'wko8ib','17628546543',1,1,5,'1','','16000','16000','6','2020-06-03 09:50:11',0,0,NULL,'2020-06-03 09:50:11','2020-06-03 09:50:11',1),(50,51,1,51,NULL,NULL,'','','测试昵称','',0,'w3ova5','17625161856',1,1,5,'1','','16000','16000','6','2020-06-03 14:26:27',0,0,NULL,'2020-06-03 14:26:27','2020-06-03 14:26:27',1),(51,52,1,52,NULL,NULL,'','','测试昵称','',0,'wmowsj','17566661818',1,1,5,'1','','16000','16000','6','2020-06-03 14:30:57',0,0,NULL,'2020-06-03 14:30:57','2020-06-03 14:30:57',1),(52,53,1,53,NULL,NULL,'','','测试昵称','',0,'wjoaip','17655438885',1,1,5,'1','','16000','16000','6','2020-06-03 15:00:05',0,0,NULL,'2020-06-03 15:00:05','2020-06-03 15:00:05',1),(53,54,1,54,NULL,NULL,'','','测试昵称','',0,'wuob6t','17628463288',1,1,5,'1','','16000','16000','6','2020-06-03 15:21:31',0,0,NULL,'2020-06-03 15:21:31','2020-06-03 15:21:31',1),(54,55,1,55,NULL,NULL,'','','测试昵称','',0,'wfotv4','17620554665',1,1,5,'1','','16000','16000','6','2020-06-03 15:23:05',0,0,NULL,'2020-06-03 15:23:05','2020-06-03 15:23:05',1),(55,56,1,56,NULL,NULL,'','','测试昵称','',0,'wro5z9','17620885458',1,1,5,'1','','16000','16000','6','2020-06-03 15:36:55',0,0,NULL,'2020-06-03 15:36:55','2020-06-03 15:36:55',1),(56,57,1,57,NULL,NULL,'','','测试昵称','',0,'w4onjg','17628564665',1,1,5,'1','','16000','16000','6','2020-06-03 15:40:05',0,0,NULL,'2020-06-03 15:40:05','2020-06-03 15:40:05',1),(57,58,6,58,NULL,NULL,'','','测试昵称','57_1591276228124_2368508959555726.jpg',1,'wvohus','17620556655',1,1,5,'1','','16000','16000','6','2020-06-03 15:47:41',0,0,NULL,'2020-06-03 15:47:41','2020-06-03 15:47:41',1),(58,59,1,59,NULL,NULL,'','','测试昵称','',0,'wyod6w','17623565688',1,1,5,'1','','16000','16000','6','2020-06-05 09:25:11',0,0,NULL,'2020-06-05 09:25:11','2020-06-05 09:25:11',1),(59,60,1,60,NULL,NULL,'','','测试昵称','',0,'wlovms','17622423355',1,1,5,'1','','16000','16000','6','2020-06-05 09:27:27',0,0,NULL,'2020-06-05 09:27:27','2020-06-05 09:27:27',1),(60,61,1,61,NULL,NULL,'','','测试昵称','',0,'wto5pu','17628456568',1,1,5,'1','','16000','16000','6','2020-06-05 09:30:38',0,0,NULL,'2020-06-05 09:30:38','2020-06-05 09:30:38',1),(61,62,1,62,NULL,NULL,'','','测试昵称','61_1591321295656_2413588734228505.jpg',0,'wnoy5a','17625459650',1,1,5,'1','','16000','16000','6','2020-06-05 09:33:03',0,0,NULL,'2020-06-05 09:33:03','2020-06-05 09:33:03',1),(62,63,1,63,NULL,NULL,'','','测试昵称','62_1591321937865_2414230943549306.jpg',0,'w6o6us','17623355544',1,1,5,'1','','16000','16000','6','2020-06-05 09:51:09',0,0,NULL,'2020-06-05 09:51:09','2020-06-05 09:51:09',1),(63,64,1,64,NULL,NULL,'','','测试昵称','63_1591322943724_2415236801635880.jpg',0,'wbofyj','17622588656',1,1,5,'1','','16000','16000','6','2020-06-05 10:01:40',0,0,NULL,'2020-06-05 10:01:40','2020-06-05 10:01:40',1),(64,65,1,65,NULL,NULL,'','','测试','64_1591323984489_2416277567451091.jpg',0,'wgoxxs','17254668806',1,1,5,'1','','16000','16000','6','2020-06-05 10:17:25',0,0,NULL,'2020-06-05 10:17:25','2020-06-05 10:17:25',1),(65,66,1,66,NULL,NULL,'','','哈哈哈','65_1591328446199_2420739276625921.jpg',0,'whosvw','17625438885',1,1,5,'1','','16000','16000','6','2020-06-05 10:39:41',0,0,NULL,'2020-06-05 10:39:41','2020-06-05 10:39:41',1),(66,67,1,67,NULL,65,'','','测试昵称','66_1591328538150_2420831228125788.jpg',0,'eqoj9w','17668562580',1,1,5,'1','','16000','16000','6','2020-06-05 11:42:06',0,0,NULL,'2020-06-05 11:42:06','2020-06-05 11:42:06',1),(67,68,1,68,NULL,NULL,'','','测试昵称','67_1591609495118_107072186668425.jpg',1,'ewo4m3','17624468825',1,1,5,'1','','16000','16000','6','2020-06-08 14:42:35',0,0,NULL,'2020-06-08 14:42:35','2020-06-08 14:42:35',1),(68,69,1,69,NULL,NULL,'','','啊哈','68_1591755961010_253559772883802.jpg',1,'eeojv4','17635596665',1,1,5,'1','','16000','16000','6','2020-06-08 17:48:07',0,0,NULL,'2020-06-08 17:48:07','2020-06-08 17:48:07',1),(69,70,1,70,NULL,NULL,'','','测试昵称','69_1591756039275_253638038815461.jpg',0,'e8onc6','17566652398',1,1,5,'1','','16000','16000','6','2020-06-10 10:27:04',0,0,NULL,'2020-06-10 10:27:04','2020-06-10 10:27:04',1),(70,71,1,71,NULL,NULL,'','','测试昵称','',0,'eaojly','17627466805',1,1,5,'1','','16000','16000','6','2020-06-10 14:08:57',0,0,NULL,'2020-06-10 14:08:57','2020-06-10 14:08:57',1),(71,72,1,72,NULL,NULL,'','','测试昵称','71_1591769689048_267287812118175.jpg',0,'esoblm','15687664588',1,1,1466,'1','','16000','16000','6','2020-06-10 14:12:52',0,0,NULL,'2020-06-10 14:12:52','2020-06-10 14:12:52',1),(72,73,1,73,NULL,NULL,'','','测试昵称','72_1591839617490_337222981403292.jpg',0,'e2owl2','17655453258',1,1,7437,'1','','16000','16000','6','2020-06-11 09:39:42',0,0,NULL,'2020-06-11 09:39:42','2020-06-11 09:39:42',1),(73,74,1,74,NULL,NULL,'','','测试昵称','',0,'edol23','17665542690',1,1,544392,'1','','16000','16000','6','2020-06-11 15:39:48',0,0,NULL,'2020-06-11 15:39:48','2020-06-11 15:39:48',1),(74,75,1,75,NULL,NULL,'','','测试昵称','74_1591865923103_363528606196925.jpg',0,'ezope6','17555665226',1,1,571,'1','','16000','16000','6','2020-06-11 16:27:45',0,0,NULL,'2020-06-11 16:27:45','2020-06-11 16:27:45',1),(75,76,1,76,NULL,NULL,'','','测试昵称2','75_1591866290954_363896456783496.jpg',0,'exorye','15679955525',1,1,50609,'1','','16000','16000','6','2020-06-11 17:04:11',0,0,NULL,'2020-06-11 17:04:11','2020-06-11 17:04:11',1),(76,77,1,77,NULL,NULL,'','','测试昵称','76_1591952654817_450267408661889.jpg',0,'e9ojlr','17620885445',1,1,3000,'1','','16000','16000','6','2020-06-12 17:04:03',0,0,NULL,'2020-06-12 17:04:03','2020-06-12 17:04:03',1),(77,78,1,78,NULL,NULL,'','','测试昵称','77_1591952755292_450367883366589.jpg',0,'ecozbz','15578865588',1,1,0,'1','','16000','16000','6','2020-06-12 17:05:31',0,0,NULL,'2020-06-12 17:05:31','2020-06-12 17:05:31',1),(78,79,1,79,NULL,NULL,'','','测试昵称','78_1592180411329_678066656137871.jpg',0,'e7otxw','17655456658',1,1,3400,'1','','16000','16000','6','2020-06-15 08:20:04',0,0,NULL,'2020-06-15 08:20:04','2020-06-15 08:20:04',1),(79,80,1,80,NULL,NULL,'','','测试昵称','79_1592180473252_678128579717306.jpg',0,'epofvg','17665525558',1,1,3500,'1','','16000','16000','6','2020-06-15 08:21:04',0,0,NULL,'2020-06-15 08:21:04','2020-06-15 08:21:04',1),(80,81,1,81,NULL,NULL,'','','测试昵称','80_1592180530881_678186208916353.jpg',0,'e5ojh8','17566568825',1,1,0,'3,4,1,1,1,3,3,0,1,1,0,1','','16000','16000','6','2020-06-15 08:22:04',0,0,NULL,'2020-06-15 08:22:04','2020-06-15 08:22:04',1),(81,82,1,82,NULL,NULL,'','','测试昵称','81_1592468878423_966572308908484.jpg',0,'eio9zc','17625423588',1,1,5000,'0,0,1,0,0,0,0,2,0,0,5,3','','16000','16000','6','2020-06-18 16:26:02',0,0,NULL,'2020-06-18 16:26:02','2020-06-18 16:26:02',1),(82,83,1,83,NULL,NULL,'','','测试昵称','82_1592469244736_966938621773820.jpg',0,'ekolms','18566836888',1,1,5000,'1,1,1,1,1,1,1,1,0,0,0,0','','16000','16000','6','2020-06-18 16:33:19',0,0,NULL,'2020-06-18 16:33:19','2020-06-18 16:33:19',1),(83,84,1,84,NULL,NULL,'','','测试昵称','83_1592469309615_967003500375385.jpg',0,'e3okc2','18965566631',1,1,5000,'1,0,0,4,1,2,0,1,1,0,0,2','','16000','16000','6','2020-06-18 16:34:40',0,0,NULL,'2020-06-18 16:34:40','2020-06-18 16:34:40',1),(84,85,1,85,NULL,NULL,'','','测试昵称','',0,'emorhs','17866555555',1,1,5000,'1','','16000','16000','6','2020-06-18 17:03:05',0,0,NULL,'2020-06-18 17:03:05','2020-06-18 17:03:05',1),(85,86,1,86,NULL,NULL,'','','测试昵称','',0,'ejos86','15987865544',1,1,5000,'1','','16000','16000','6','2020-06-18 17:04:08',0,0,NULL,'2020-06-18 17:04:08','2020-06-18 17:04:08',1),(86,87,1,87,NULL,NULL,'','','测试昵称','',0,'euojmd','18925453358',1,1,5000,'1','','16000','16000','6','2020-06-18 17:09:12',0,0,NULL,'2020-06-18 17:09:12','2020-06-18 17:09:12',1),(87,88,1,88,NULL,NULL,'','','测试昵称','',0,'efongc','18955466888',1,1,5000,'1','','16000','16000','6','2020-06-18 17:10:27',0,0,NULL,'2020-06-18 17:10:27','2020-06-18 17:10:27',1),(88,89,1,89,NULL,NULL,'','','测酸牛奶牛奶','88_1592986697706_1484431950725815.jpg',0,'erobya','15885687555',1,1,5000,'8,4,0,0,0,0,0,0,0,0,0,0','','34454','16000','6','2020-06-18 17:12:21',0,0,NULL,'2020-06-18 17:12:21','2020-06-18 17:12:21',1),(89,90,1,90,NULL,NULL,'','','测试昵称','',0,'e4ojjx','17625558588',9,9,5000,'2,9,3,1,0,6,5,0,1,8,0,0','','16000','16000','6','2020-07-02 08:18:09',0,0,NULL,'2020-07-02 08:18:09','2020-07-02 08:18:09',1),(90,91,1,91,NULL,92,'','','测试昵称','',0,'evo8w6','18948454541',13,13,5000,'13,10,10,1,3,2,0,11,5,10,0,0','','16000','16000','6','2020-07-02 20:21:35',0,0,NULL,'2020-07-02 20:21:35','2020-07-02 20:21:35',1),(91,92,1,92,NULL,92,'','','测试昵称','',0,'eyombx','18914545454',9,9,5000,'9,0,0,3,0,0,0,0,1,3,4,1','','16000','16000','6','2020-07-03 19:06:21',0,1,NULL,'2020-07-03 19:06:21','2020-07-03 19:06:21',1),(92,93,1,93,NULL,96,'','','测试昵称','',0,'eloktk','17645454545',1,1,5000,'1,0,0,0,0,0,0,0,0,0,0,0','','16000','16000','6','2020-07-04 08:18:08',0,1,NULL,'2020-07-04 08:18:08','2020-07-04 08:18:08',1),(93,94,1,94,NULL,96,'','','测试昵称','',0,'eto44m','18945454654',1,1,5000,'1,0,0,0,0,0,0,0,0,0,0,0','','16000','16000','6','2020-07-04 09:51:53',0,1,NULL,'2020-07-04 09:51:53','2020-07-04 09:51:53',1),(94,95,1,95,NULL,96,'','','测试昵称','',0,'enoav3','18945454451',3,3,5000,'1,2,1,1,2,2,3,1,1,0,0,1','','16000','16000','6','2020-07-04 10:24:40',0,1,NULL,'2020-07-04 10:24:40','2020-07-04 10:24:40',1),(95,96,1,96,NULL,94,'','','测试昵称','',0,'e6obd8','17545454545',4,4,5000,'1,0,2,4,1,1,1,1,1,1,0,0','','16000','16000','6','2020-07-05 19:43:13',0,0,NULL,'2020-07-05 19:43:13','2020-07-05 19:43:13',1),(96,97,6,97,NULL,95,'','','测试昵称','',0,'ebo65f','17845454545',6,6,4500,'3,2,2,3,2,6,2,0,0,0,0,0','','16000','16000','6','2020-07-06 16:20:10',0,0,NULL,'2020-07-06 16:20:10','2020-07-06 16:20:10',1),(97,98,1,98,NULL,NULL,'','','测试昵称','',0,'egonfg','17620855454',3,3,5000,'1,1,1,1,2,3,0,1,0,0,0,0','','16000','65465464','6','2020-07-07 08:16:42',0,0,NULL,'2020-07-07 08:16:42','2020-07-07 08:16:42',1),(98,99,1,99,NULL,NULL,'','','测试昵称','',0,'eho97r','17845454547',13,13,5000,'7,14,1,13,4,9,4,8,3,5,4,3','','15263355','15263355','6392','2020-07-07 11:08:42',0,0,NULL,'2020-07-07 11:08:42','2020-07-07 11:08:42',1),(99,100,1,100,NULL,NULL,'','','测试昵称','',0,'8qov9s','17645484848',5,5,5000,'1,1,1,5,1,1,1,1,2,1,2,0','','14670','170','14','2020-07-09 15:37:52',0,0,NULL,'2020-07-09 15:37:52','2020-07-09 15:37:52',1),(100,101,1,101,NULL,NULL,'','','测试昵称','',0,'8wop6g','14545454215',5,5,5000,'5,3,1,1,1,1,0,0,2,0,0,0','','18080','530','13','2020-07-09 16:59:03',0,0,NULL,'2020-07-09 16:59:03','2020-07-09 16:59:03',1),(101,102,1,102,NULL,NULL,'','','测试昵称','',0,'8eoyl6','14545415154',6,6,5000,'6,0,2,0,0,0,0,3,0,0,0,0','','47510','9410','19','2020-07-09 19:01:19',0,0,NULL,'2020-07-09 19:01:19','2020-07-09 19:01:19',1),(102,103,1,103,NULL,NULL,'','','测试昵称','',0,'88o9bg','17465451515',6,6,5000,'6,2,1,2,3,2,2,5,2,2,1,1','','317825','65523306','167','2020-07-09 19:39:24',0,0,NULL,'2020-07-09 19:39:24','2020-07-09 19:39:24',1),(103,104,1,104,NULL,NULL,'','','测试昵称','',0,'8ao7lm','17565645151',5,5,5000,'3,4,0,0,5,0,0,0,1,0,2,0','','19425','1575','77','2020-07-09 20:24:10',0,0,NULL,'2020-07-09 20:24:10','2020-07-09 20:24:10',1),(104,105,1,105,NULL,NULL,'','','测试昵称','',0,'8sorcu','14545121515',6,6,5000,'6,3,2,2,1,0,0,0,0,0,0,0','','30800','9245','102','2020-07-09 20:25:49',0,0,NULL,'2020-07-09 20:25:49','2020-07-09 20:25:49',1),(105,106,1,106,NULL,NULL,'','','测试昵称','',0,'82oj2i','15154545412',1,1,5000,'1,1,1,0,0,0,0,0,0,0,0,0','','16675','16650','7','2020-07-09 20:29:17',0,0,NULL,'2020-07-09 20:29:17','2020-07-09 20:29:17',1),(106,107,1,107,NULL,NULL,'','','测试昵称','',0,'8do9ul','15454848152',1,1,5000,'1,1,0,0,0,0,0,0,0,0,0,0','','16950','16925','5','2020-07-09 20:31:20',0,0,NULL,'2020-07-09 20:31:20','2020-07-09 20:31:20',1),(107,108,1,108,NULL,NULL,'','','测试昵称','',0,'8zon3a','17551454548',7,7,5000,'6,1,8,8,9,9,11,7,8,0,0,0','','612500','524975','5042','2020-07-09 20:35:08',0,0,NULL,'2020-07-09 20:35:08','2020-07-09 20:35:08',1),(108,109,1,109,NULL,NULL,'','','测试昵称','',0,'8xocgm','15654564156',7,7,5000,'7,2,4,6,3,5,3,4,0,0,0,0','','472500','428250','345','2020-07-10 08:28:40',0,0,NULL,'2020-07-10 08:28:40','2020-07-10 08:28:40',1);

/*Table structure for table `video_record` */

DROP TABLE IF EXISTS `video_record`;

CREATE TABLE `video_record` (
  `video_record_id` int(11) NOT NULL AUTO_INCREMENT,
  `video_record_num` int(11) NOT NULL,
  `video_record_use_num` int(11) NOT NULL,
  PRIMARY KEY (`video_record_id`)
) ENGINE=InnoDB AUTO_INCREMENT=110 DEFAULT CHARSET=utf8;

/*Data for the table `video_record` */

insert  into `video_record`(`video_record_id`,`video_record_num`,`video_record_use_num`) values (5,0,15),(6,0,15),(7,0,15),(8,0,15),(9,0,15),(10,0,15),(11,0,15),(12,0,15),(13,0,15),(14,0,15),(15,0,15),(16,0,15),(17,0,15),(18,0,15),(19,0,15),(20,0,15),(21,0,15),(22,0,15),(25,0,15),(26,0,15),(27,0,15),(28,0,15),(29,0,15),(30,0,15),(31,0,15),(32,0,15),(33,0,15),(34,0,15),(35,0,15),(36,0,15),(37,0,15),(38,0,15),(39,0,15),(40,0,15),(41,0,15),(42,0,15),(44,0,15),(45,0,15),(46,0,15),(47,0,15),(48,0,15),(49,0,15),(50,0,15),(51,0,15),(52,0,15),(53,0,15),(54,0,15),(55,0,15),(56,0,15),(57,0,15),(58,0,15),(59,0,15),(60,0,15),(61,0,15),(62,0,15),(63,0,15),(64,0,15),(65,0,15),(66,0,15),(67,0,15),(68,0,15),(69,0,15),(70,0,15),(71,5,15),(72,5,15),(73,5,15),(74,5,15),(75,7,15),(76,5,15),(77,5,15),(78,5,15),(79,5,15),(80,5,15),(81,5,15),(82,5,15),(83,5,15),(84,5,15),(85,5,15),(86,5,15),(87,5,15),(88,5,15),(89,5,15),(90,5,15),(91,5,15),(92,5,15),(93,5,15),(94,5,15),(95,5,15),(96,5,15),(97,5,15),(98,5,15),(99,5,15),(100,5,15),(101,5,15),(102,5,15),(103,5,15),(104,5,15),(105,5,15),(106,5,15),(107,5,15),(108,5,15),(109,5,15);

/*Table structure for table `withdraw_setting` */

DROP TABLE IF EXISTS `withdraw_setting`;

CREATE TABLE `withdraw_setting` (
  `withdraw_setting_id` int(11) NOT NULL AUTO_INCREMENT,
  `withdraw_money` decimal(10,2) NOT NULL,
  PRIMARY KEY (`withdraw_setting_id`)
) ENGINE=InnoDB AUTO_INCREMENT=7 DEFAULT CHARSET=utf8;

/*Data for the table `withdraw_setting` */

insert  into `withdraw_setting`(`withdraw_setting_id`,`withdraw_money`) values (1,'20.00'),(2,'80.00'),(3,'100.00'),(4,'200.00'),(5,'500.00'),(6,'1000.00');

/*Table structure for table `withdraw_setting_detail` */

DROP TABLE IF EXISTS `withdraw_setting_detail`;

CREATE TABLE `withdraw_setting_detail` (
  `withdraw_setting_detail_id` int(11) NOT NULL AUTO_INCREMENT,
  `user_id` int(11) DEFAULT NULL,
  `withdraw_setting_id` int(11) DEFAULT NULL,
  `is_switch` int(11) NOT NULL,
  PRIMARY KEY (`withdraw_setting_detail_id`)
) ENGINE=InnoDB AUTO_INCREMENT=397 DEFAULT CHARSET=utf8;

/*Data for the table `withdraw_setting_detail` */

insert  into `withdraw_setting_detail`(`withdraw_setting_detail_id`,`user_id`,`withdraw_setting_id`,`is_switch`) values (1,43,1,1),(2,43,2,1),(3,43,3,1),(4,43,4,1),(5,43,5,1),(6,43,6,1),(7,44,1,1),(8,44,2,1),(9,44,3,1),(10,44,4,1),(11,44,5,1),(12,44,6,1),(13,45,1,1),(14,45,2,1),(15,45,3,1),(16,45,4,1),(17,45,5,1),(18,45,6,1),(19,46,1,1),(20,46,2,1),(21,46,3,1),(22,46,4,1),(23,46,5,1),(24,46,6,1),(25,47,1,1),(26,47,2,1),(27,47,3,1),(28,47,4,1),(29,47,5,1),(30,47,6,1),(31,48,1,1),(32,48,2,1),(33,48,3,1),(34,48,4,1),(35,48,5,1),(36,48,6,1),(37,49,1,1),(38,49,2,1),(39,49,3,1),(40,49,4,1),(41,49,5,1),(42,49,6,1),(43,50,1,1),(44,50,2,1),(45,50,3,1),(46,50,4,1),(47,50,5,1),(48,50,6,1),(49,51,1,1),(50,51,2,1),(51,51,3,1),(52,51,4,1),(53,51,5,1),(54,51,6,1),(55,52,1,1),(56,52,2,1),(57,52,3,1),(58,52,4,1),(59,52,5,1),(60,52,6,1),(61,53,1,1),(62,53,2,1),(63,53,3,1),(64,53,4,1),(65,53,5,1),(66,53,6,1),(67,54,1,1),(68,54,2,1),(69,54,3,1),(70,54,4,1),(71,54,5,1),(72,54,6,1),(73,55,1,1),(74,55,2,1),(75,55,3,1),(76,55,4,1),(77,55,5,1),(78,55,6,1),(79,56,1,1),(80,56,2,1),(81,56,3,1),(82,56,4,1),(83,56,5,1),(84,56,6,1),(85,57,1,1),(86,57,2,1),(87,57,3,1),(88,57,4,1),(89,57,5,1),(90,57,6,1),(91,58,1,1),(92,58,2,1),(93,58,3,1),(94,58,4,1),(95,58,5,1),(96,58,6,1),(97,59,1,1),(98,59,2,1),(99,59,3,1),(100,59,4,1),(101,59,5,1),(102,59,6,1),(103,60,1,1),(104,60,2,1),(105,60,3,1),(106,60,4,1),(107,60,5,1),(108,60,6,1),(109,61,1,1),(110,61,2,1),(111,61,3,1),(112,61,4,1),(113,61,5,1),(114,61,6,1),(115,62,1,1),(116,62,2,1),(117,62,3,1),(118,62,4,1),(119,62,5,1),(120,62,6,1),(121,63,1,1),(122,63,2,1),(123,63,3,1),(124,63,4,1),(125,63,5,1),(126,63,6,1),(127,64,1,1),(128,64,2,1),(129,64,3,1),(130,64,4,1),(131,64,5,1),(132,64,6,1),(133,65,1,1),(134,65,2,1),(135,65,3,1),(136,65,4,1),(137,65,5,1),(138,65,6,1),(139,66,1,1),(140,66,2,1),(141,66,3,1),(142,66,4,1),(143,66,5,1),(144,66,6,1),(145,67,1,1),(146,67,2,1),(147,67,3,1),(148,67,4,1),(149,67,5,1),(150,67,6,1),(151,68,1,1),(152,68,2,1),(153,68,3,1),(154,68,4,1),(155,68,5,1),(156,68,6,1),(157,69,1,1),(158,69,2,1),(159,69,3,1),(160,69,4,1),(161,69,5,1),(162,69,6,1),(163,70,1,1),(164,70,2,1),(165,70,3,1),(166,70,4,1),(167,70,5,1),(168,70,6,1),(169,71,1,1),(170,71,2,1),(171,71,3,1),(172,71,4,1),(173,71,5,1),(174,71,6,1),(175,72,1,1),(176,72,2,1),(177,72,3,1),(178,72,4,1),(179,72,5,1),(180,72,6,1),(181,73,1,1),(182,73,2,1),(183,73,3,1),(184,73,4,1),(185,73,5,1),(186,73,6,1),(187,74,1,1),(188,74,2,1),(189,74,3,1),(190,74,4,1),(191,74,5,1),(192,74,6,1),(193,75,1,1),(194,75,2,1),(195,75,3,1),(196,75,4,1),(197,75,5,1),(198,75,6,1),(199,76,1,1),(200,76,2,1),(201,76,3,1),(202,76,4,1),(203,76,5,1),(204,76,6,1),(205,77,1,1),(206,77,2,1),(207,77,3,1),(208,77,4,1),(209,77,5,1),(210,77,6,1),(211,78,1,1),(212,78,2,1),(213,78,3,1),(214,78,4,1),(215,78,5,1),(216,78,6,1),(217,79,1,1),(218,79,2,1),(219,79,3,1),(220,79,4,1),(221,79,5,1),(222,79,6,1),(223,80,1,1),(224,80,2,1),(225,80,3,1),(226,80,4,1),(227,80,5,1),(228,80,6,1),(229,81,1,1),(230,81,2,1),(231,81,3,1),(232,81,4,1),(233,81,5,1),(234,81,6,1),(235,82,1,1),(236,82,2,1),(237,82,3,1),(238,82,4,1),(239,82,5,1),(240,82,6,1),(241,83,1,1),(242,83,2,1),(243,83,3,1),(244,83,4,1),(245,83,5,1),(246,83,6,1),(247,84,1,1),(248,84,2,1),(249,84,3,1),(250,84,4,1),(251,84,5,1),(252,84,6,1),(253,85,1,1),(254,85,2,1),(255,85,3,1),(256,85,4,1),(257,85,5,1),(258,85,6,1),(259,86,1,1),(260,86,2,1),(261,86,3,1),(262,86,4,1),(263,86,5,1),(264,86,6,1),(265,87,1,1),(266,87,2,1),(267,87,3,1),(268,87,4,1),(269,87,5,1),(270,87,6,1),(271,88,1,1),(272,88,2,1),(273,88,3,1),(274,88,4,1),(275,88,5,1),(276,88,6,1),(277,89,1,1),(278,89,2,1),(279,89,3,1),(280,89,4,1),(281,89,5,1),(282,89,6,1),(283,90,1,1),(284,90,2,1),(285,90,3,1),(286,90,4,1),(287,90,5,1),(288,90,6,1),(289,91,1,1),(290,91,2,1),(291,91,3,1),(292,91,4,1),(293,91,5,1),(294,91,6,1),(295,92,1,1),(296,92,2,1),(297,92,3,1),(298,92,4,1),(299,92,5,1),(300,92,6,1),(301,93,1,1),(302,93,2,1),(303,93,3,1),(304,93,4,1),(305,93,5,1),(306,93,6,1),(307,94,1,1),(308,94,2,1),(309,94,3,1),(310,94,4,1),(311,94,5,1),(312,94,6,1),(313,95,1,1),(314,95,2,1),(315,95,3,1),(316,95,4,1),(317,95,5,1),(318,95,6,1),(319,96,1,1),(320,96,2,1),(321,96,3,1),(322,96,4,1),(323,96,5,1),(324,96,6,1),(325,97,1,1),(326,97,2,1),(327,97,3,1),(328,97,4,1),(329,97,5,1),(330,97,6,1),(331,98,1,1),(332,98,2,1),(333,98,3,1),(334,98,4,1),(335,98,5,1),(336,98,6,1),(337,99,1,1),(338,99,2,1),(339,99,3,1),(340,99,4,1),(341,99,5,1),(342,99,6,1),(343,100,1,1),(344,100,2,1),(345,100,3,1),(346,100,4,1),(347,100,5,1),(348,100,6,1),(349,101,1,1),(350,101,2,1),(351,101,3,1),(352,101,4,1),(353,101,5,1),(354,101,6,1),(355,102,1,1),(356,102,2,1),(357,102,3,1),(358,102,4,1),(359,102,5,1),(360,102,6,1),(361,103,1,1),(362,103,2,1),(363,103,3,1),(364,103,4,1),(365,103,5,1),(366,103,6,1),(367,104,1,1),(368,104,2,1),(369,104,3,1),(370,104,4,1),(371,104,5,1),(372,104,6,1),(373,105,1,1),(374,105,2,1),(375,105,3,1),(376,105,4,1),(377,105,5,1),(378,105,6,1),(379,106,1,1),(380,106,2,1),(381,106,3,1),(382,106,4,1),(383,106,5,1),(384,106,6,1),(385,107,1,1),(386,107,2,1),(387,107,3,1),(388,107,4,1),(389,107,5,1),(390,107,6,1),(391,108,1,1),(392,108,2,1),(393,108,3,1),(394,108,4,1),(395,108,5,1),(396,108,6,1);

/*!40101 SET SQL_MODE=@OLD_SQL_MODE */;
/*!40014 SET FOREIGN_KEY_CHECKS=@OLD_FOREIGN_KEY_CHECKS */;
/*!40014 SET UNIQUE_CHECKS=@OLD_UNIQUE_CHECKS */;
/*!40111 SET SQL_NOTES=@OLD_SQL_NOTES */;
